<?xml version="1.0"?>
<processExtensions>
<items><item id="UserTask_15cxksq"><actionScript>line 1;
line 2;</actionScript><variable refId="1437886040805" field="" view="1" edit="1" options=""/><variable refId="1437886104344" field="" view="1" edit="1" options=""/><variable refId="1437886124417" field="" view="1" edit="1" options=""/><variable refId="1437886197960" field="" view="1" edit="1" options=""/><variable refId="1437886140039" field="" view="" edit="" options=""/><variable refId="1437888471917" field="" view="" edit="" options=""/><variable refId="1437886155112" field="" view="" edit="" options=""/><variable refId="1437888422889" field="" view="" edit="" options=""/><variable refId="1437886178284" field="" view="" edit="" options=""/></item><item id="UserTask_1uathzh"><variable refId="1437886040805" field="" view="1" edit="" options=""/><variable refId="1437886104344" field="" view="1" edit="" options=""/><variable refId="1437886124417" field="" view="1" edit="" options=""/><variable refId="1437886140039" field="" view="1" edit="" options=""/><variable refId="1437886155112" field="" view="1" edit="1" options=""/><variable refId="1437886197960" field="" view="1" edit="" options=""/><variable refId="1437886178284" field="" view="" edit="" options=""/><variable refId="1437888422889" field="" view="1" edit="1" options=""/></item><item id="UserTask_0m68b2r"><variable refId="1437886040805" field="" view="1" edit="1" options=""/><variable refId="1437886104344" field="" view="1" edit="1" options=""/><variable refId="1437886124417" field="" view="1" edit="1" options=""/><variable refId="1437886140039" field="" view="1" edit="" options=""/><variable refId="1437886155112" field="" view="1" edit="" options=""/><variable refId="1437886178284" field="" view="1" edit="1" options=""/><variable refId="1437886197960" field="" view="1" edit="1" options=""/><variable refId="1437888422889" field="" view="1" edit="" options=""/><variable refId="1437888471917" field="" view="1" edit="" options=""/></item><item id="UserTask_1ol4fws"><actionType>Form</actionType><variable refId="1437886040805" field="" view="1" edit="" options=""/><variable refId="1437886104344" field="" view="1" edit="" options=""/><variable refId="1437886124417" field="" view="1" edit="" options=""/><variable refId="1437886140039" field="" view="1" edit="1" options=""/><variable refId="1437886197960" field="" view="1" edit="" options=""/><variable refId="1437888471917" field="" view="1" edit="1" options=""/></item><item id="ServiceTask_0z0gmra"><variable refId="1437886040805" field="" view="1" edit="" options=""/><variable refId="1437886104344" field="" view="1" edit="" options=""/><variable refId="1437886124417" field="" view="1" edit="" options=""/><variable refId="1437886140039" field="" view="1" edit="" options=""/><variable refId="1437886155112" field="" view="1" edit="" options=""/><variable refId="1437886197960" field="" view="1" edit="" options=""/></item><item id="StartEvent_1"/><item id="EndEvent_0pw68e9"/><item id="EndEvent_1jb22yc"/><item id="IntermediateThrowEvent_1fxwki3"/><item id="ExclusiveGateway_1d83flk"/><item id="ExclusiveGateway_0fztzwc"><direction>Converging</direction></item><item id="SequenceFlow_1ie15at"><condition>managerApproval!=true</condition></item><item id="SequenceFlow_05g6gi9"/><item id="SequenceFlow_14vjjfp"><condition>managerApproval == true</condition></item><item id="SequenceFlow_15f2eq0"/><item id="SequenceFlow_0lglqhv"><condition>financialApproval=='Yes'n</condition></item><item id="SequenceFlow_07c9c10"/><item id="SequenceFlow_05jihqv"><condition>employeeCancel !==true</condition></item><item id="SequenceFlow_0846xgj"/><item id="SequenceFlow_1ptyxti"/><item id="SequenceFlow_1hfpgh6"><condition>financialApproval !='Yes'</condition></item><item id="SequenceFlow_1kaf9c0"><condition>employeeCancel ==true</condition></item><item id="SequenceFlow_1nr2ec2"><condition>employeeCancel !==true</condition></item></items>
<dataElements><dataElement name="expenseType" id="1437886040805" title="Type of Expense" description="" dataType="Select" validValues="Travel&#xA;Purchase&#xA;Business" req="1"/><dataElement name="dateOfExpense" id="1437886104344" title="Date of Expense" description="" dataType="Date" validValues="" req="1"/><dataElement name="amount" id="1437886124417" title="Amount" description="" dataType="Number" validValues="" req="1"/><dataElement name="managerApproval" id="1437886140039" title="Manager Approval" description="" dataType="Boolean" validValues="" req=""/><dataElement name="rejectionReason" id="1437888471917" title="Rejection Reason" description="" dataType="String" validValues="" req=""/><dataElement name="financialApproval" id="1437886155112" title="Financial Approval" description="" dataType="Boolean" validValues="" req=""/><dataElement name="financeRejectionReason" id="1437888422889" title="Finance Rejection Reason" description="" dataType="String" validValues="" req=""/><dataElement name="employeeCancel" id="1437886178284" title="Cancel Claim" description="" dataType="Boolean" validValues="" req=""/><dataElement name="Attachment" id="1437886197960" title="" description="" dataType="File" validValues="" req=""/></dataElements>
<actors><actor id="1437878359024" actor="Employee" description=""/><actor id="1437878366827" actor="Manager" description=""/><actor id="1437880632180" actor="Finance" description=""/></actors>
<accessRules><accessRule id="1437886009393" allowRestrict="" userGroup="Employee" privilege="S" nodeId="" asRole="Claimant" condition=""/><accessRule id="1437893131734" allowRestrict="" userGroup="Claimant" privilege="P" nodeId="UserTask_0m68b2r" asRole="" condition=""/><accessRule id="1437886010184" allowRestrict="" userGroup="Manager" privilege="P" nodeId="UserTask_1ol4fws" asRole="" condition=""/><accessRule id="1437886010689" allowRestrict="" userGroup="Finance" privilege="P" nodeId="UserTask_1uathzh" asRole="" condition=""/></accessRules>
<notificationRules><notificationRule id="1437885036968" userGroup="Employee" user="" notificationEvent="" nodeId="__Process__" condition=""/></notificationRules>
<subprocesses><subprocess id="Process_1" name="Process_1" implementation="all"/></subprocesses>
</processExtensions>
