<?xml version="1.0"?>
<processExtensions>
<items><item id="UserTask_15cxksq"><variable refId="1437886104344" field="" view="1" edit="1" options=""/><variable refId="1437886124417" field="" view="1" edit="1" options=""/><variable refId="1437886140039" field="" view="" edit="" options=""/><variable refId="1437888471917" field="" view="" edit="" options=""/><variable refId="1437886040805" field="" view="1" edit="1" options=""/><variable refId="1437886197960" field="" view="1" edit="1" options=""/></item><item id="UserTask_1ol4fws"><variable refId="1437886040805" field="" view="1" edit="" options=""/><variable refId="1437886104344" field="" view="1" edit="" options=""/><variable refId="1437886124417" field="" view="1" edit="" options=""/><variable refId="1437886140039" field="" view="1" edit="1" options=""/><variable refId="1437888471917" field="" view="1" edit="1" options=""/><variable refId="1437886197960" field="" view="1" edit="" options=""/></item><item id="UserTask_1a7g1n4"><variable refId="1437886178284" field="" view="1" edit="1" options=""/><variable refId="1437888422889" field="" view="1" edit="" options=""/><variable refId="1437886155112" field="" view="1" edit="" options=""/><variable refId="1437888471917" field="" view="1" edit="" options=""/><variable refId="1437886140039" field="" view="1" edit="" options=""/><variable refId="1437886124417" field="" view="1" edit="" options=""/><variable refId="1437886104344" field="" view="1" edit="" options=""/><variable refId="1437886040805" field="" view="1" edit="" options=""/><variable refId="1437886197960" field="" view="1" edit="" options=""/></item><item id="UserTask_19lc7mm"><variable refId="1437886040805" field="" view="1" edit="" options=""/><variable refId="1437886104344" field="" view="1" edit="" options=""/><variable refId="1437886124417" field="" view="1" edit="" options=""/><variable refId="1437886140039" field="" view="1" edit="" options=""/><variable refId="1437888471917" field="" view="1" edit="" options=""/><variable refId="1437886155112" field="" view="1" edit="" options=""/><variable refId="1437888422889" field="" view="1" edit="" options=""/><variable refId="1437886178284" field="" view="1" edit="1" options=""/><variable refId="1437886197960" field="" view="1" edit="" options=""/></item><item id="UserTask_07xphjx"><variable refId="1437886040805" field="" view="1" edit="" options=""/><variable refId="1437886104344" field="" view="1" edit="" options=""/><variable refId="1437886124417" field="" view="1" edit="" options=""/><variable refId="1437886140039" field="" view="1" edit="" options=""/><variable refId="1437888471917" field="" view="" edit="" options=""/><variable refId="1437886155112" field="" view="1" edit="" options=""/><variable refId="1437888422889" field="" view="1" edit="" options=""/><variable refId="1437886197960" field="" view="1" edit="" options=""/></item><item id="ServiceTask_0z0gmra"><variable refId="1437886040805" field="" view="1" edit="" options=""/><variable refId="1437886104344" field="" view="1" edit="" options=""/><variable refId="1437886124417" field="" view="1" edit="" options=""/><variable refId="1437886140039" field="" view="1" edit="" options=""/><variable refId="1437888471917" field="" view="1" edit="" options=""/><variable refId="1437886155112" field="" view="1" edit="" options=""/><variable refId="1437888422889" field="" view="1" edit="" options=""/><variable refId="1437886178284" field="" view="1" edit="" options=""/><variable refId="1437886197960" field="" view="1" edit="" options=""/></item><item id="StartEvent_1"/><item id="EndEvent_0pw68e9"/><item id="EndEvent_1jb22yc"/><item id="ExclusiveGateway_1d83flk"/><item id="ExclusiveGateway_0fztzwc"/><item id="SequenceFlow_05jihqv"><caseStatus>Resubmit</caseStatus><condition>employeeCancel !='Cancel'</condition></item><item id="SequenceFlow_05g6gi9"/><item id="SequenceFlow_14vjjfp"><caseStatus>Approved</caseStatus><condition>managerApproval=='Approved'&#xA;</condition></item><item id="SequenceFlow_15f2eq0"/><item id="SequenceFlow_0lglqhv"><caseStatus>Reviewed</caseStatus><condition>financialApproval =='Approved'</condition></item><item id="SequenceFlow_07c9c10"/><item id="SequenceFlow_0846xgj"/><item id="SequenceFlow_1ptyxti"><caseStatus>Submitted</caseStatus></item><item id="SequenceFlow_152phgu"/><item id="SequenceFlow_04kjfk3"><condition>employeeCancel =='Cancel'</condition></item><item id="SequenceFlow_1aoz9tr"><caseStatus>Rejected</caseStatus><condition>managerApproval != 'Approved'</condition></item><item id="SequenceFlow_19tdlsw"><caseStatus>Rejected by Finance</caseStatus><condition>financialApproval  !='Approved';</condition></item></items>
<dataElements><dataElement name="expenseType" id="1437886040805" title="Type of Expense" description="" dataType="Select" validValues="Travel&#xA;Purchase&#xA;Business" req="1"/><dataElement name="dateOfExpense" id="1437886104344" title="Date of Expense" description="" dataType="Date" validValues="" req="1"/><dataElement name="amount" id="1437886124417" title="Amount" description="" dataType="Number" validValues="" req="1"/><dataElement name="managerApproval" id="1437886140039" title="Manager Approval" description="" dataType="Boolean" validValues="Approved&#xA;Rejected" req="0"/><dataElement name="rejectionReason" id="1437888471917" title="Rejection Reason" description="" dataType="String" validValues="" req=""/><dataElement name="financialApproval" id="1437886155112" title="Financial Approval" description="" dataType="Boolean" validValues="Approved&#xA;Rejected" req=""/><dataElement name="financeRejectionReason" id="1437888422889" title="Finance Rejection Reason" description="" dataType="String" validValues="" req=""/><dataElement name="employeeCancel" id="1437886178284" title="Cancel Claim" description="" dataType="Boolean" validValues="Cancel&#xA;Resubmit" req=""/><dataElement name="Attachment" id="1437886197960" title="" description="" dataType="File" validValues="" req=""/></dataElements>
<actors><actor id="1441061341436" actor="Claimant" description=""/><actor id="1441061350683" actor="Approver" description=""/><actor id="1441061357476" actor="Reviewer" description=""/></actors>
<accessRules><accessRule id="1440810145961" userGroup="Employee" actor="" privilege="P" nodeId="StartEvent_1" asActor="Claimant" workScopeType="" workScopeVariable="" condition=""/><accessRule id="1440810198048" userGroup="" actor="Claimant" privilege="P" nodeId="UserTask_15cxksq" asActor="" workScopeType="" workScopeVariable="" condition=""/><accessRule id="1440810229525" userGroup="" actor="Claimant" privilege="P" nodeId="UserTask_19lc7mm" asActor="" workScopeType="" workScopeVariable="" condition=""/><accessRule id="1440819396058" userGroup="Manager" actor="" privilege="P" nodeId="UserTask_1ol4fws" asActor="" workScopeType="" workScopeVariable="" condition=""/><accessRule id="1440819383762" userGroup="" actor="" privilege="P" nodeId="UserTask_1a7g1n4" asActor="" workScopeType="" workScopeVariable="" condition=""/><accessRule id="1440819455954" userGroup="Accounting" actor="" privilege="P" nodeId="UserTask_07xphjx" asActor="" workScopeType="" workScopeVariable="" condition=""/></accessRules>
<notificationRules/>
<subprocesses><subprocess id="Process_1" name="Process_1" implementation=""/></subprocesses>
</processExtensions>
