<?xml version="1.0"?>
<processExtensions>
<items>
<item id="UserTask_0pqdxrs"/><item id="ScriptTask_1n8gfep"><actionType>Script</actionType><actionScript>$r=rand(5, 15);nif ($r&gt;10)n  $isJunk=true;nelsen  $isJunk=false;</actionScript></item><item id="ScriptTask_1c258w6"/><item id="StartEvent_131c5qz"/><item id="EndEvent_1b9pvlk"/><item id="ExclusiveGateway_1fvfhvz"/><item id="ExclusiveGateway_0dhei8b"><direction>Converging</direction></item><item id="SequenceFlow_0buwgbg"/><item id="SequenceFlow_1z04ca9"/><item id="SequenceFlow_1kd8lwp"><condition>if ($isJunk==true)nreturn true;nelsenreturn false;</condition></item><item id="SequenceFlow_13rz9j9"><condition>if ($isJunk==false)nreturn true;nelsenreturn false;</condition></item><item id="SequenceFlow_12z2g00"/><item id="SequenceFlow_0dmjscv"/><item id="SequenceFlow_058e9y8"/></items>
<dataElements>
<dataElement name="email message" id="1436072081531" title="" description="" dataType="Text" validValues="" req="1"/><dataElement name="isJunk" id="1436072092243" title="" description="" dataType="Boolean" validValues="" req="1"/></dataElements>
<accessRules>
<accessRule id="1435898682203" allowRestrict="" userGroup="A" privilege="S" nodeId="UserTask_0pqdxrs" condition=""/><accessRule id="1435898682203" allowRestrict="" userGroup="A" privilege="S" nodeId="UserTask_0pqdxrs" condition=""/><accessRule id="1435898682203" allowRestrict="" userGroup="A" privilege="S" nodeId="UserTask_0pqdxrs" condition=""/><accessRule id="1435898682203" allowRestrict="" userGroup="A" privilege="S" nodeId="UserTask_0pqdxrs" condition=""/></accessRules>
<subprocesses>
<subprocess id="Process_1" name="Process_1" implementation="all"/></subprocesses>
</processExtensions>
