<?xml version="1.0"?>
<processExtensions>
<items><item id="sid-8F82DC6C-AE16-41F6-9271-229FC57C00F4"/><item id="sid-91F38206-6869-44E3-8930-0A83748450BF"/><item id="sid-9995AE6B-11A6-420E-9F08-19E38191A77A"/><item id="sid-5144EF42-AEA7-4985-84F9-C082122C7107"/><item id="sid-AAEB396B-8B49-4A20-ADC8-8F956C1B5256"/><item id="sid-D0BED8B1-BB93-411E-8E26-49C51C4AAF75"/><item id="sid-283C754D-1AA2-4EC9-982F-382C51F2C9B9"/><item id="sid-433EEF5E-4740-4E48-9503-61C492767C56"><direction>Diverging</direction></item><item id="sid-47D7385A-388F-40C4-892E-F814C0659C54"><direction>Converging</direction></item><item id="sid-FFF01EF7-1FEC-4B83-986C-018858D97835"/><item id="sid-5244058D-4A1C-49C7-A975-3D2AF4BFAFE0"/><item id="sid-E02C3FCE-3C11-4C6B-AFC0-674C5A8B69AF"/><item id="sid-F031AA0F-ABDF-4866-A905-7EF8FF7A899B"/><item id="sid-1BF06A5D-6B3D-4808-B358-69C1E08B1C42"/><item id="sid-A183C0F7-53E8-4A53-B0C1-C626A5459AB5"/><item id="sid-1CA5065E-3A33-4024-93CF-B7148AD79095"/><item id="sid-E943A666-80E2-4D38-9AEF-ACD1EFE0D128"/><item id="sid-4C1A6A53-32E3-46D3-BECE-5B3555133586"/></items>
<dataElements/>
<actors/>
<accessRules/>
<notificationRules/>
<subprocesses><subprocess id="sid-c8371393-9f09-410b-bd7f-b4838b26f391" name="sid-c8371393-9f09-410b-bd7f-b4838b26f391" implementation=""/></subprocesses>
</processExtensions>
