<?xml version="1.0"?>
<processExtensions>
<items>
<item id="UserTask_18i4l0w"/><item id="UserTask_0wx3tbo"/><item id="ServiceTask_01jk7ub"><actor>Accounting</actor><timerType>DateTime</timerType></item><item id="ServiceTask_0hxiufq"><actor>Accounting</actor></item><item id="ServiceTask_1bzs8gr"><variable refId="1436152834900" field="" read="" input=""/><variable refId="1436152741520" field="" read="" input=""/><variable refId="1436152760976" field="" read="" input=""/></item><item id="ReceiveTask_16xzizy"><actor>Accounting</actor><message>
	
</message></item><item id="StartEvent_1ywnyyl"><actor>Accounting</actor><timerType>DateTime</timerType><timer>0 12 1 * * *</timer></item><item id="StartEvent_1me5inp"><actor>Customer</actor><message>Invoice</message></item><item id="EndEvent_1b1au5y"/><item id="EndEvent_0oi03p6"/><item id="EndEvent_1l120ti"/><item id="IntermediateCatchEvent_0i2rmds"><actor>Accounting</actor><timerType>duration</timerType><timer>0  0 14</timer></item><item id="ExclusiveGateway_1q3w14n"/><item id="ParallelGateway_0ybg30o"/><item id="MessageFlow_0oh09ty"><message>
		
		
		
		
	</message></item><item id="MessageFlow_0sogxjq"/><item id="SequenceFlow_1o73p79"/><item id="SequenceFlow_1um4jm2"/><item id="SequenceFlow_1y539rf"><condition>if ($billableHours&gt;0)
return true;
else
return false;</condition></item><item id="SequenceFlow_10fz90w"><condition>if ($billableHours===0)
return true;
else
return false;</condition></item><item id="SequenceFlow_04bkwzh"/><item id="SequenceFlow_1o5881a"/><item id="SequenceFlow_1ikhmoc"/><item id="SequenceFlow_1o4f339"/><item id="SequenceFlow_0tnwran"/><item id="SequenceFlow_16pjcf7"/><item id="SequenceFlow_0t9ywj6"/><item id="SequenceFlow_0skzsox"/><item id="SequenceFlow_0l7al68"/></items>
<dataElements>
<dataElement name="invoiceNo" id="1436152741520" title="" description="" dataType="String" validValues="" req=""/><dataElement name="services" id="1436152760976" title="List of Services rendered" description="" dataType="String" validValues="" req=""/><dataElement name="amount" id="1436152779955" title="Amount" description="" dataType="String" validValues="" req=""/><dataElement name="billableHours" id="1436152834900" title="Billable Hours" description="" dataType="Number" validValues="" req=""/></dataElements>
<accessRules>
</accessRules>
<subprocesses>
<subprocess id="Process_1" name="Process_1" implementation=""/><subprocess id="Process_09tewri" name="Process_09tewri" implementation=""/></subprocesses>
</processExtensions>
