<?xml version="1.0" encoding="UTF-8"?>
<svg  stroke-dasharray="none" shape-rendering="auto" font-family="'Dialog'" width="1060" text-rendering="auto" fill-opacity="1" contentScriptType="text/ecmascript" color-interpolation="auto" color-rendering="auto" preserveAspectRatio="xMidYMid meet" font-size="12" viewBox="0 0 1060 298" fill="black" stroke="black" image-rendering="auto" stroke-miterlimit="10" zoomAndPan="magnify" version="1.0" stroke-linecap="square" stroke-linejoin="miter" contentStyleType="text/css" font-style="normal" height="298" stroke-width="1" stroke-dashoffset="0" font-weight="normal" stroke-opacity="1">
<!--Generated by the Batik Graphics2D SVG Generator-->
<defs id="genericDefs"/>
<g>
<defs id="defs1">
<clipPath clipPathUnits="userSpaceOnUse" id="clipPath1">
<path d="M9 9 L1051 9 L1051 289 L9 289 L9 9 Z"/>
</clipPath>
<clipPath clipPathUnits="userSpaceOnUse" id="clipPath2">
<path d="M12 9 L28 9 L28 289 L12 289 L12 9 Z"/>
</clipPath>
<clipPath clipPathUnits="userSpaceOnUse" id="clipPath3">
<path d="M29 9 L1051 9 L1051 289 L29 289 L29 9 Z"/>
</clipPath>
<clipPath clipPathUnits="userSpaceOnUse" id="clipPath4">
<path d="M74 108 L106 108 L106 140 L74 140 L74 108 Z"/>
</clipPath>
<clipPath clipPathUnits="userSpaceOnUse" id="clipPath5">
<path d="M45 143 L135 143 L135 160 L45 160 L45 143 Z"/>
</clipPath>
<clipPath clipPathUnits="userSpaceOnUse" id="clipPath6">
<path d="M181 93 L303 93 L303 155 L181 155 L181 93 Z"/>
</clipPath>
<clipPath clipPathUnits="userSpaceOnUse" id="clipPath7">
<path d="M202 108 L281 108 L281 140 L202 140 L202 108 Z"/>
</clipPath>
<clipPath clipPathUnits="userSpaceOnUse" id="clipPath8">
<path d="M340 93 L462 93 L462 155 L340 155 L340 93 Z"/>
</clipPath>
<clipPath clipPathUnits="userSpaceOnUse" id="clipPath9">
<path d="M366 108 L436 108 L436 140 L366 140 L366 108 Z"/>
</clipPath>
<clipPath clipPathUnits="userSpaceOnUse" id="clipPath10">
<path d="M682 41 L784 41 L784 93 L682 93 L682 41 Z"/>
</clipPath>
<clipPath clipPathUnits="userSpaceOnUse" id="clipPath11">
<path d="M708 51 L758 51 L758 83 L708 83 L708 51 Z"/>
</clipPath>
<clipPath clipPathUnits="userSpaceOnUse" id="clipPath12">
<path d="M891 51 L923 51 L923 83 L891 83 L891 51 Z"/>
</clipPath>
<clipPath clipPathUnits="userSpaceOnUse" id="clipPath13">
<path d="M867 86 L947 86 L947 103 L867 103 L867 86 Z"/>
</clipPath>
<clipPath clipPathUnits="userSpaceOnUse" id="clipPath14">
<path d="M796 152 L898 152 L898 204 L796 204 L796 152 Z"/>
</clipPath>
<clipPath clipPathUnits="userSpaceOnUse" id="clipPath15">
<path d="M820 162 L874 162 L874 194 L820 194 L820 162 Z"/>
</clipPath>
<clipPath clipPathUnits="userSpaceOnUse" id="clipPath16">
<path d="M653 172 L685 172 L685 204 L653 204 L653 172 Z"/>
</clipPath>
<clipPath clipPathUnits="userSpaceOnUse" id="clipPath17">
<path d="M648 207 L690 207 L690 224 L648 224 L648 207 Z"/>
</clipPath>
<clipPath clipPathUnits="userSpaceOnUse" id="clipPath18">
<path d="M518 93 L563 93 L563 138 L518 138 L518 93 Z"/>
</clipPath>
<clipPath clipPathUnits="userSpaceOnUse" id="clipPath19">
<path d="M189 101 L207 101 L207 119 L189 119 L189 101 Z"/>
</clipPath>
<clipPath clipPathUnits="userSpaceOnUse" id="clipPath20">
<path d="M348 101 L366 101 L366 119 L348 119 L348 101 Z"/>
</clipPath>
<clipPath clipPathUnits="userSpaceOnUse" id="clipPath21">
<path d="M687 46 L705 46 L705 64 L687 64 L687 46 Z"/>
</clipPath>
<clipPath clipPathUnits="userSpaceOnUse" id="clipPath22">
<path d="M801 157 L819 157 L819 175 L801 175 L801 157 Z"/>
</clipPath>
<clipPath clipPathUnits="userSpaceOnUse" id="clipPath23">
<path d="M-1 -1 L1061 -1 L1061 299 L-1 299 L-1 -1 Z"/>
</clipPath>
<clipPath clipPathUnits="userSpaceOnUse" id="clipPath24">
<path d="M789 180 L799 180 L799 189 L789 189 L789 180 Z"/>
</clipPath>
<clipPath clipPathUnits="userSpaceOnUse" id="clipPath25">
<path d="M675 70 L685 70 L685 79 L675 79 L675 70 Z"/>
</clipPath>
<clipPath clipPathUnits="userSpaceOnUse" id="clipPath26">
<path d="M174 133 L184 133 L184 142 L174 142 L174 133 Z"/>
</clipPath>
<clipPath clipPathUnits="userSpaceOnUse" id="clipPath27">
<path d="M333 123 L343 123 L343 132 L333 132 L333 123 Z"/>
</clipPath>
<clipPath clipPathUnits="userSpaceOnUse" id="clipPath28">
<path d="M511 111 L521 111 L521 120 L511 120 L511 111 Z"/>
</clipPath>
<clipPath clipPathUnits="userSpaceOnUse" id="clipPath29">
<path d="M534 133 L543 133 L543 143 L534 143 L534 133 Z"/>
</clipPath>
<clipPath clipPathUnits="userSpaceOnUse" id="clipPath30">
<path d="M885 69 L895 69 L895 78 L885 78 L885 69 Z"/>
</clipPath>
<clipPath clipPathUnits="userSpaceOnUse" id="clipPath31">
<path d="M646 180 L656 180 L656 189 L646 189 L646 180 Z"/>
</clipPath>
</defs>
<g fill="white" font-family="'Segoe UI'" stroke-linejoin="round" stroke="white" stroke-width="0" stroke-miterlimit="0">
<rect x="10" y="10" clip-path="url(#clipPath1)" width="1040" height="278" stroke="none"/>
</g>
<g fill="rgb(176,176,176)" stroke-width="1.1" font-family="'Segoe UI'" stroke-linecap="butt" stroke="rgb(176,176,176)">
<rect x="10" y="10" clip-path="url(#clipPath1)" fill="none" width="1039" height="277"/>
<image x="13" y="118" clip-path="url(#clipPath2)" width="15" xlink:href="data:image/png;base64,iVBORw0KGgoAAAANSUhEUgAAAA8AAAA+CAYAAAD08EFCAAAC50lEQVR42u1XP2+b&#13;&#10;QBT/4foLuOpHOCI18gdI8ZD5yJLJaypZskdYsnno4E5Z7NEsVVZPXmwqZQapu+Uh&#13;&#10;sHXo1qlLJ/ruDihgDnCjbnnijnd3/OD9vXsYCRFqaBWjli4YYNKdbuhDQ0dzBI/u&#13;&#10;03Sc8RsMEVqX2AeOHnxYjhHRo8yZy/H9aoE7jBHcAP6DC9s4oqcDh65LwIA4Lpvg&#13;&#10;xRwx4OtEyqIFW9RmPiBUj1O+Slqxg2iJmWngzlrK8TB0keyn+fqS3m7orK1IfPpZ&#13;&#10;sewiVSGjWP9lBeV4zgCp6xyWrTI9eESODt0Hcs+hvJAE7TqHrql05HOtZI1ik08a&#13;&#10;l998IqpbGAx+4MOXPgbvTXz7ibxdve3w5aN7IH09HD3rfJ3XyRxt1K9mUuaKVcxr&#13;&#10;AX9dVQFvKJOcVCyRVbWkEzuIxmeJXU4MypiMjBnyjMqamtOBU73lLuLZOV+cawyS&#13;&#10;oq5VvQtJVQ/OdTXsGr15W3jy9CV7lVVxR1eVs8qk5Ji9ZtV/y6pypJ2ZVbpIK55V&#13;&#10;/yT22t/C2NK9KTHKkVZowm2e11XnihrRGQar6nxphaWz6kxXZfVAp/DkUvRM3Fte&#13;&#10;TcgGsDiPD/YI82koxwt7iudo3c3Pnm0goTMaTPmV369gFHbXFleVN0TFh93EzsqK&#13;&#10;21TRra/mziorFmkxNaQAFXPdrE1irpOLQlmxP9kAe03Wlg8LXaW+/KQi6jVZu22u&#13;&#10;hxeQFizqLFHU+Kqgkvy0q7WdgOJyZGLhKsjY8ihA9l1jm8kXOPEuHUYnidFibVaw&#13;&#10;Nnu19kut3XxKptb205T0qEvWvB0sdt4dde6DRJENPERjq5RZ/br9erOTHf3LbCBK&#13;&#10;M6oRlA2axDYoCqaHBR4JwFSnAK5xAjxx1R42VSBD+n96xAoOic66H7Hif4nHK8S7&#13;&#10;O9Alf8IwvsltwFrLirdXdE1wNbnG5DrCdfQZv79+x8enAZ5+vcOkUFf029zEHNrL&#13;&#10;HF8esf7WFQd0/sQfPC5QNdZB7NIAAAAASUVORK5CYII=" xlink:type="simple" xlink:actuate="onLoad" height="62" preserveAspectRatio="none" xlink:show="embed"/>
<rect x="30" y="10" clip-path="url(#clipPath3)" fill="none" width="1019" height="277"/>
<image x="75" y="109" clip-path="url(#clipPath4)" width="30" xlink:href="data:image/png;base64,iVBORw0KGgoAAAANSUhEUgAAAB4AAAAeCAYAAAA7MK6iAAADN0lEQVR42sVXy24T&#13;&#10;MRT1lPwCX1BYsOUbSJoHaVJQAAFFSEWAVChpHhLZwbZQmkJpQAIJhMQroNLQPBo1&#13;&#10;Eo/uWbKBP+AbbOba47Gv7SETgYSrkW4nHp+555577CHkPw0v7sSFt0dY3LlPT333&#13;&#10;/hrYBbhZ/EQIg9uUMP8P4sVOciJwLw5oq7jPQQjA6IAcVMWMiTnXP+bGvoA3LstW&#13;&#10;8atYNACJil0vsrRTiAT3okAfze0H2cEyNKBWxWJxHMv5enyje8IJPuXKGKhVlNIg&#13;&#10;C6qBUv7btU46jOV8PYbfmtm2Uyueu6ZfUM2kgGCxxU4qnP8g3w3ref/4tvGMzhIj&#13;&#10;y70zKPOEC9R8CDKWqt3I9zVqqQ/Y4bGsJ4xmrm2VI7LGANwqfg6zY4GKZatszA7Q&#13;&#10;fUUtiKhI1nPvw2fLvRJZy762Wq4ymA+zntKz5YsxVUuZKYAyeT+kU4+JpnTxv9KF&#13;&#10;WnM1/SxKXHiioIooIEZVDYMYVCuoFfPLvdP8meX+WfWMVho5EjosVi3jqgUBuVsF&#13;&#10;QE8GDyoxrWVe8rjSP4/KoWIj44eFPUWzRiGmloaxZKOZfeNsudX0c1IdXBAvxSjK&#13;&#10;GEqrMmbUdqGQZttEyt0S/11SC+Ne5gVWs2QRMWZkzIx6QH/KVuHgjBmxPSr9eQOI&#13;&#10;WIZi1VhmJusBhrC0M+u3yRZqCRmvZV6hlnPGiDGpektczHaeUOm2odhezdDL13Yv&#13;&#10;kTupx7YDmlQDtUgE/oLruXdCuUEWuogkhbhVsIgYoYZGaGggCauPDbfR20y/r+i0&#13;&#10;Pb0+vExWUq2IrdPVx479Fik+YuM3Y/yMKsfNvTKmWu4Y4EK6uiEGQwAXqvTPCVMI&#13;&#10;FqsOLmqGQnmW9eEV/7qKukSZC0XcHpDBt/av20dLB2+lD5csamcOzZGUfw1/bPnX&#13;&#10;B5KaLpDhz23/Xp6XBkBhrCQ3SXI6Q475F2bJz3ZUQduicz8Wtses9pB01nYX0NvL&#13;&#10;ekYpvTGqWqeQyKOP6UKuY43rSORqucaoPh5YBxfbGHOavWkoLhNpjGqRp00vznn6&#13;&#10;7syT2CdLGf8JNPa5GobThZAjiRLIeo471Mf6hJnk8+WffElM8iJxvpf08RtjUs8Y&#13;&#10;Jh/deAAAAABJRU5ErkJggg==" xlink:type="simple" xlink:actuate="onLoad" height="30" preserveAspectRatio="none" xlink:show="embed"/>
<text x="46" y="157" clip-path="url(#clipPath5)" fill="black" stroke="none" xml:space="preserve">1st of the Month</text>
<image stroke="black" width="120" xlink:show="embed" xlink:type="simple" fill="black" clip-path="url(#clipPath6)" preserveAspectRatio="none" height="60" x="182" y="94" xlink:href="data:image/png;base64,iVBORw0KGgoAAAANSUhEUgAAAHgAAAA8CAYAAACtrX6oAAADsUlEQVR42u2dv24U&#13;&#10;MRDGvX4eyrxAqEJJFyniEShTUpAuVCAegQKqINHDA0AFyvtMdEgHd3v2zHy299bj&#13;&#10;HRfRbeQ4Xn+f5+fZP74pKMuz158oeOmmPH58NWnqTS7o2IJPiLi/398cHdO/H0cf&#13;&#10;AmWsQam6x4ezurN6yrq5ftC+DoXiuul+UKaNdN3U79OnQNnz3h1evn0QRZ4kcf98&#13;&#10;uEkKRpmeweKmOl9hBK4ff4erQtx0PzBxU20gRkj14/LuISvylBN3J2x+ADBxkRlZ&#13;&#10;a4Racdm6uVmGGEEpLmvq2R/uPz6/+3oickTFDYyrasVNNY6Km26NhKiiqJtrWW0E&#13;&#10;1enqxA25GH+qZUTFLeeufLZUNzJwuM2KC4RbtRF4TVSnm4qch0P2483Lk7+J/KzT&#13;&#10;uaeIu9r/V8nd2kVVaLCoYj8C3NUa5HDSxvmCKgDukbhbvagCIkItd/WLKqQNnLu6&#13;&#10;fiiMwM1g56497u7L91mYjvO0yLlri7tSG1Gd7zp3u+Zuro2ooqc17tZGFavcJWYG&#13;&#10;D8Vd2hZ3iRnAyPbFuWuMu6RcRQ/MXWzULXGXknXj1riLXWe2xV3S5sE13EXCrVnu&#13;&#10;hqLTXZS7qlV0C+6i4dYkd7X3d8/NXXYV7dwdhrv5EO3creZuWIu7JAns3G3CXQKN&#13;&#10;sAR3mUWWc3cE7mYEXpu7LS6eOHflPHg17iqfq3Lusk9a6vJg565d7rJ5cKfcRRaC&#13;&#10;ZrkbWhohlQd3zN0Wj950z11awAj6EO3c7Z67mQ5G527/3A0lRpAEdu72w11CjSAJ&#13;&#10;7Ny1yV0wTRqAu8UXTyxxl28uDs1d2gJ3iSVQlAex0aVB5+7ZuCvkwWXh1hp3kXBr&#13;&#10;hrskhujtcBcNt91zV7wf3Ji7SLx17rbjrioPbsHdFo/eOHfLuMuvop27Zrkr5sHO&#13;&#10;Xbvc1b985tzljaCcZatwV3xs1rkLv57ZDXfRl8+cuxa5y90udO5Wczc0NwLCXeBu&#13;&#10;knP3TOF2Ie7KeXCn3EUu4WyVu8Bjs/1xV7tPZJ/cDWVGALgL3A927i6a5izAXd3r&#13;&#10;oxV7bDh3O+BuKg/e70zq3F2Ru9hAqRF6NIMvbj87d9fiLrXj7tX9N8UqejTuFhrB&#13;&#10;KnezAl/cfhmTu2SXu0UXT8L/TcHj4YFztz/uEsDdF7PwvCvZLf1/vbsuD83Nt86n&#13;&#10;6pSo5db5crilctMUhuZD9h5OWPFLOXbl5/01xl2qFBcJzVy4JdwI3MxZ1AgF4l4l&#13;&#10;Ziz7pRycyF76L6qv1XGhxxDWy0bKE2zaxIX54na0AAAAAElFTkSuQmCC" xlink:actuate="onLoad"/>
<image stroke="black" width="120" xlink:show="embed" xlink:type="simple" fill="black" clip-path="url(#clipPath6)" preserveAspectRatio="none" height="60" x="182" y="94" xlink:href="data:image/png;base64,iVBORw0KGgoAAAANSUhEUgAAAHgAAAA8CAYAAACtrX6oAAADsUlEQVR42u2dv24U&#13;&#10;MRDGvX4eyrxAqEJJFyniEShTUpAuVCAegQKqINHDA0AFyvtMdEgHd3v2zHy299bj&#13;&#10;HRfRbeQ4Xn+f5+fZP74pKMuz158oeOmmPH58NWnqTS7o2IJPiLi/398cHdO/H0cf&#13;&#10;AmWsQam6x4ezurN6yrq5ftC+DoXiuul+UKaNdN3U79OnQNnz3h1evn0QRZ4kcf98&#13;&#10;uEkKRpmeweKmOl9hBK4ff4erQtx0PzBxU20gRkj14/LuISvylBN3J2x+ADBxkRlZ&#13;&#10;a4Racdm6uVmGGEEpLmvq2R/uPz6/+3oickTFDYyrasVNNY6Km26NhKiiqJtrWW0E&#13;&#10;1enqxA25GH+qZUTFLeeufLZUNzJwuM2KC4RbtRF4TVSnm4qch0P2483Lk7+J/KzT&#13;&#10;uaeIu9r/V8nd2kVVaLCoYj8C3NUa5HDSxvmCKgDukbhbvagCIkItd/WLKqQNnLu6&#13;&#10;fiiMwM1g56497u7L91mYjvO0yLlri7tSG1Gd7zp3u+Zuro2ooqc17tZGFavcJWYG&#13;&#10;D8Vd2hZ3iRnAyPbFuWuMu6RcRQ/MXWzULXGXknXj1riLXWe2xV3S5sE13EXCrVnu&#13;&#10;hqLTXZS7qlV0C+6i4dYkd7X3d8/NXXYV7dwdhrv5EO3creZuWIu7JAns3G3CXQKN&#13;&#10;sAR3mUWWc3cE7mYEXpu7LS6eOHflPHg17iqfq3Lusk9a6vJg565d7rJ5cKfcRRaC&#13;&#10;ZrkbWhohlQd3zN0Wj950z11awAj6EO3c7Z67mQ5G527/3A0lRpAEdu72w11CjSAJ&#13;&#10;7Ny1yV0wTRqAu8UXTyxxl28uDs1d2gJ3iSVQlAex0aVB5+7ZuCvkwWXh1hp3kXBr&#13;&#10;hrskhujtcBcNt91zV7wf3Ji7SLx17rbjrioPbsHdFo/eOHfLuMuvop27Zrkr5sHO&#13;&#10;Xbvc1b985tzljaCcZatwV3xs1rkLv57ZDXfRl8+cuxa5y90udO5Wczc0NwLCXeBu&#13;&#10;knP3TOF2Ie7KeXCn3EUu4WyVu8Bjs/1xV7tPZJ/cDWVGALgL3A927i6a5izAXd3r&#13;&#10;oxV7bDh3O+BuKg/e70zq3F2Ru9hAqRF6NIMvbj87d9fiLrXj7tX9N8UqejTuFhrB&#13;&#10;KnezAl/cfhmTu2SXu0UXT8L/TcHj4YFztz/uEsDdF7PwvCvZLf1/vbsuD83Nt86n&#13;&#10;6pSo5db5crilctMUhuZD9h5OWPFLOXbl5/01xl2qFBcJzVy4JdwI3MxZ1AgF4l4l&#13;&#10;Ziz7pRycyF76L6qv1XGhxxDWy0bKE2zaxIX54na0AAAAAElFTkSuQmCC" xlink:actuate="onLoad"/>
<text x="213" y="122" clip-path="url(#clipPath7)" fill="black" stroke="none" xml:space="preserve">Determine</text>
<text x="203" y="137" clip-path="url(#clipPath7)" fill="black" stroke="none" xml:space="preserve">Billab le Hours</text>
<image stroke="black" width="120" xlink:show="embed" xlink:type="simple" fill="black" clip-path="url(#clipPath8)" preserveAspectRatio="none" height="60" x="341" y="94" xlink:href="data:image/png;base64,iVBORw0KGgoAAAANSUhEUgAAAHgAAAA8CAYAAACtrX6oAAADsUlEQVR42u2dv24U&#13;&#10;MRDGvX4eyrxAqEJJFyniEShTUpAuVCAegQKqINHDA0AFyvtMdEgHd3v2zHy299bj&#13;&#10;HRfRbeQ4Xn+f5+fZP74pKMuz158oeOmmPH58NWnqTS7o2IJPiLi/398cHdO/H0cf&#13;&#10;AmWsQam6x4ezurN6yrq5ftC+DoXiuul+UKaNdN3U79OnQNnz3h1evn0QRZ4kcf98&#13;&#10;uEkKRpmeweKmOl9hBK4ff4erQtx0PzBxU20gRkj14/LuISvylBN3J2x+ADBxkRlZ&#13;&#10;a4Racdm6uVmGGEEpLmvq2R/uPz6/+3oickTFDYyrasVNNY6Km26NhKiiqJtrWW0E&#13;&#10;1enqxA25GH+qZUTFLeeufLZUNzJwuM2KC4RbtRF4TVSnm4qch0P2483Lk7+J/KzT&#13;&#10;uaeIu9r/V8nd2kVVaLCoYj8C3NUa5HDSxvmCKgDukbhbvagCIkItd/WLKqQNnLu6&#13;&#10;fiiMwM1g56497u7L91mYjvO0yLlri7tSG1Gd7zp3u+Zuro2ooqc17tZGFavcJWYG&#13;&#10;D8Vd2hZ3iRnAyPbFuWuMu6RcRQ/MXWzULXGXknXj1riLXWe2xV3S5sE13EXCrVnu&#13;&#10;hqLTXZS7qlV0C+6i4dYkd7X3d8/NXXYV7dwdhrv5EO3creZuWIu7JAns3G3CXQKN&#13;&#10;sAR3mUWWc3cE7mYEXpu7LS6eOHflPHg17iqfq3Lusk9a6vJg565d7rJ5cKfcRRaC&#13;&#10;ZrkbWhohlQd3zN0Wj950z11awAj6EO3c7Z67mQ5G527/3A0lRpAEdu72w11CjSAJ&#13;&#10;7Ny1yV0wTRqAu8UXTyxxl28uDs1d2gJ3iSVQlAex0aVB5+7ZuCvkwWXh1hp3kXBr&#13;&#10;hrskhujtcBcNt91zV7wf3Ji7SLx17rbjrioPbsHdFo/eOHfLuMuvop27Zrkr5sHO&#13;&#10;Xbvc1b985tzljaCcZatwV3xs1rkLv57ZDXfRl8+cuxa5y90udO5Wczc0NwLCXeBu&#13;&#10;knP3TOF2Ie7KeXCn3EUu4WyVu8Bjs/1xV7tPZJ/cDWVGALgL3A927i6a5izAXd3r&#13;&#10;oxV7bDh3O+BuKg/e70zq3F2Ru9hAqRF6NIMvbj87d9fiLrXj7tX9N8UqejTuFhrB&#13;&#10;KnezAl/cfhmTu2SXu0UXT8L/TcHj4YFztz/uEsDdF7PwvCvZLf1/vbsuD83Nt86n&#13;&#10;6pSo5db5crilctMUhuZD9h5OWPFLOXbl5/01xl2qFBcJzVy4JdwI3MxZ1AgF4l4l&#13;&#10;Ziz7pRycyF76L6qv1XGhxxDWy0bKE2zaxIX54na0AAAAAElFTkSuQmCC" xlink:actuate="onLoad"/>
<image stroke="black" width="120" xlink:show="embed" xlink:type="simple" fill="black" clip-path="url(#clipPath8)" preserveAspectRatio="none" height="60" x="341" y="94" xlink:href="data:image/png;base64,iVBORw0KGgoAAAANSUhEUgAAAHgAAAA8CAYAAACtrX6oAAADsUlEQVR42u2dv24U&#13;&#10;MRDGvX4eyrxAqEJJFyniEShTUpAuVCAegQKqINHDA0AFyvtMdEgHd3v2zHy299bj&#13;&#10;HRfRbeQ4Xn+f5+fZP74pKMuz158oeOmmPH58NWnqTS7o2IJPiLi/398cHdO/H0cf&#13;&#10;AmWsQam6x4ezurN6yrq5ftC+DoXiuul+UKaNdN3U79OnQNnz3h1evn0QRZ4kcf98&#13;&#10;uEkKRpmeweKmOl9hBK4ff4erQtx0PzBxU20gRkj14/LuISvylBN3J2x+ADBxkRlZ&#13;&#10;a4Racdm6uVmGGEEpLmvq2R/uPz6/+3oickTFDYyrasVNNY6Km26NhKiiqJtrWW0E&#13;&#10;1enqxA25GH+qZUTFLeeufLZUNzJwuM2KC4RbtRF4TVSnm4qch0P2483Lk7+J/KzT&#13;&#10;uaeIu9r/V8nd2kVVaLCoYj8C3NUa5HDSxvmCKgDukbhbvagCIkItd/WLKqQNnLu6&#13;&#10;fiiMwM1g56497u7L91mYjvO0yLlri7tSG1Gd7zp3u+Zuro2ooqc17tZGFavcJWYG&#13;&#10;D8Vd2hZ3iRnAyPbFuWuMu6RcRQ/MXWzULXGXknXj1riLXWe2xV3S5sE13EXCrVnu&#13;&#10;hqLTXZS7qlV0C+6i4dYkd7X3d8/NXXYV7dwdhrv5EO3creZuWIu7JAns3G3CXQKN&#13;&#10;sAR3mUWWc3cE7mYEXpu7LS6eOHflPHg17iqfq3Lusk9a6vJg565d7rJ5cKfcRRaC&#13;&#10;ZrkbWhohlQd3zN0Wj950z11awAj6EO3c7Z67mQ5G527/3A0lRpAEdu72w11CjSAJ&#13;&#10;7Ny1yV0wTRqAu8UXTyxxl28uDs1d2gJ3iSVQlAex0aVB5+7ZuCvkwWXh1hp3kXBr&#13;&#10;hrskhujtcBcNt91zV7wf3Ji7SLx17rbjrioPbsHdFo/eOHfLuMuvop27Zrkr5sHO&#13;&#10;Xbvc1b985tzljaCcZatwV3xs1rkLv57ZDXfRl8+cuxa5y90udO5Wczc0NwLCXeBu&#13;&#10;knP3TOF2Ie7KeXCn3EUu4WyVu8Bjs/1xV7tPZJ/cDWVGALgL3A927i6a5izAXd3r&#13;&#10;oxV7bDh3O+BuKg/e70zq3F2Ru9hAqRF6NIMvbj87d9fiLrXj7tX9N8UqejTuFhrB&#13;&#10;KnezAl/cfhmTu2SXu0UXT8L/TcHj4YFztz/uEsDdF7PwvCvZLf1/vbsuD83Nt86n&#13;&#10;6pSo5db5crilctMUhuZD9h5OWPFLOXbl5/01xl2qFBcJzVy4JdwI3MxZ1AgF4l4l&#13;&#10;Ziz7pRycyF76L6qv1XGhxxDWy0bKE2zaxIX54na0AAAAAElFTkSuQmCC" xlink:actuate="onLoad"/>
<text x="372" y="122" clip-path="url(#clipPath9)" fill="black" stroke="none" xml:space="preserve">Create and</text>
<text x="367" y="137" clip-path="url(#clipPath9)" fill="black" stroke="none" xml:space="preserve">Send Invoice</text>
<image stroke="black" width="100" xlink:show="embed" xlink:type="simple" fill="black" clip-path="url(#clipPath10)" preserveAspectRatio="none" height="50" x="683" y="42" xlink:href="data:image/png;base64,iVBORw0KGgoAAAANSUhEUgAAAGQAAAAyCAYAAACqNX6+AAACuUlEQVR42u2cPVLD&#13;&#10;MBCFZZ2HDuj5aaCkYybDEeiAjgKo0sFwBApShRkOwAHoYLjPQhgbLHu1Wtmy8uO3&#13;&#10;BZMoz46jZ+0nVmMVRhFb509kEL3i6/Gs0OgKGLFa5hQhEz7uJ87n9Pfn/wUxtlFT&#13;&#10;477trGm3Lz4hThLUkOcFaTS1No1mEXs386A5hc+Mz4dJ4OKI/eFuG3mM7K7hvu+3&#13;&#10;swUzvJrWqYk5jtFwxgY0Td3+7Zw1pWiaURnB/yiY0cuM2gGV5uDuxTHF+nLZxpth&#13;&#10;FGYYpqMjNV4zyni7PnEGhGMIl6bkDlOYmEDD3jCG+mlI6lZBQ3qN2IkkQL2ZrsCN&#13;&#10;YbghaQ7L1GVDowNmJOCGWvNjSH1mBW7k4YaU7WzYDHBjUG40NFa8bok+kobSaIgU&#13;&#10;pyHlVyU6TnXuYIrznFua9oIbubjhjmnr9wHciOWGieZGW2PHzA2TmBvUkRs81EfI&#13;&#10;DXVuH4gbnMaCG0vkhgh1daoCN2K5EaOx3GWMnRsxGg031GxxDQE3YtmSihvytBfc&#13;&#10;yMoNedoLbiyFG6paFrgxPDdIW8sCNzJxI6aWBW7k4kaglqW+w8CNQTTCLIvAjUzc&#13;&#10;UKQscCMHN8QVQ3BjedxgRwilugvBjTgNaWpZIhP0bAE3AtygmFoWuJGNG8olXHAj&#13;&#10;Bzd6L+F2X+YFN8Lp07uE24UbBG5EciNcywI38nIjfgkX3BieGxT+Tx3cyMUNCpdO&#13;&#10;wI383AhWe8GNfNxottn6A4fgRl5ukFTL2r54TscN09GMMXIjVS1LZAKBGypulG+P&#13;&#10;pq+uIezOAuBGNm5UsfDBGSE7l7P14kYkW1aRG8El3EG5ocn3Mdyg9efGcZmuWhsH&#13;&#10;VA27VzNFTbIjN7RPPo6AG3V2sFtrVFF/Kvd9erpZU1waSCNek7sRTR3gHL/ZbYKw&#13;&#10;LVOe4CZT2C9rRYyo4hu/7HJbvWa0MAAAAABJRU5ErkJggg==" xlink:actuate="onLoad"/>
<image stroke="black" width="100" xlink:show="embed" xlink:type="simple" fill="black" clip-path="url(#clipPath10)" preserveAspectRatio="none" height="50" x="683" y="42" xlink:href="data:image/png;base64,iVBORw0KGgoAAAANSUhEUgAAAGQAAAAyCAYAAACqNX6+AAACuUlEQVR42u2cPVLD&#13;&#10;MBCFZZ2HDuj5aaCkYybDEeiAjgKo0sFwBApShRkOwAHoYLjPQhgbLHu1Wtmy8uO3&#13;&#10;BZMoz46jZ+0nVmMVRhFb509kEL3i6/Gs0OgKGLFa5hQhEz7uJ87n9Pfn/wUxtlFT&#13;&#10;477trGm3Lz4hThLUkOcFaTS1No1mEXs386A5hc+Mz4dJ4OKI/eFuG3mM7K7hvu+3&#13;&#10;swUzvJrWqYk5jtFwxgY0Td3+7Zw1pWiaURnB/yiY0cuM2gGV5uDuxTHF+nLZxpth&#13;&#10;FGYYpqMjNV4zyni7PnEGhGMIl6bkDlOYmEDD3jCG+mlI6lZBQ3qN2IkkQL2ZrsCN&#13;&#10;YbghaQ7L1GVDowNmJOCGWvNjSH1mBW7k4YaU7WzYDHBjUG40NFa8bok+kobSaIgU&#13;&#10;pyHlVyU6TnXuYIrznFua9oIbubjhjmnr9wHciOWGieZGW2PHzA2TmBvUkRs81EfI&#13;&#10;DXVuH4gbnMaCG0vkhgh1daoCN2K5EaOx3GWMnRsxGg031GxxDQE3YtmSihvytBfc&#13;&#10;yMoNedoLbiyFG6paFrgxPDdIW8sCNzJxI6aWBW7k4kaglqW+w8CNQTTCLIvAjUzc&#13;&#10;UKQscCMHN8QVQ3BjedxgRwilugvBjTgNaWpZIhP0bAE3AtygmFoWuJGNG8olXHAj&#13;&#10;Bzd6L+F2X+YFN8Lp07uE24UbBG5EciNcywI38nIjfgkX3BieGxT+Tx3cyMUNCpdO&#13;&#10;wI383AhWe8GNfNxottn6A4fgRl5ukFTL2r54TscN09GMMXIjVS1LZAKBGypulG+P&#13;&#10;pq+uIezOAuBGNm5UsfDBGSE7l7P14kYkW1aRG8El3EG5ocn3Mdyg9efGcZmuWhsH&#13;&#10;VA27VzNFTbIjN7RPPo6AG3V2sFtrVFF/Kvd9erpZU1waSCNek7sRTR3gHL/ZbYKw&#13;&#10;LVOe4CZT2C9rRYyo4hu/7HJbvWa0MAAAAABJRU5ErkJggg==" xlink:actuate="onLoad"/>
<text x="709" y="65" clip-path="url(#clipPath11)" fill="black" stroke="none" xml:space="preserve">Payment</text>
<text x="709" y="80" clip-path="url(#clipPath11)" fill="black" stroke="none" xml:space="preserve">Received</text>
<image stroke="black" width="30" xlink:show="embed" xlink:type="simple" fill="black" clip-path="url(#clipPath12)" preserveAspectRatio="none" height="30" x="892" y="52" xlink:href="data:image/png;base64,iVBORw0KGgoAAAANSUhEUgAAAB4AAAAeCAYAAAA7MK6iAAACMUlEQVR42q1XzUoD&#13;&#10;MRBOlr6CF4+CqEjRg+BNaD0Kat/ErdaHEFvap/HiQVRQxAqCeJYKpeA7zFi3+zOZ&#13;&#10;zKRpcWnZZJfMN/nyzc9as8R1tbKK/Nnlz9guYsMuCxS6Ypyw/w0a64CNBexMRsYg&#13;&#10;Tn+Y3Q1Cfp/+oRpfr21FgdtoUChACSAZo/McTXe9HnTAhkA7k+8SAIlRDu6xADn4&#13;&#10;5q4Knuigo9wokJ0CMT4bI+Tj7F+Azt6dfw7V80+kh+V5Fkao0QIke08cYY5h7nT7&#13;&#10;40XcWCKeK0BlFHSjDiBxCsGdt9+fPPAaB70YfwkiquYI8jlXIlPWhqj+A1WpBUK9&#13;&#10;Ry9lgbBE1qbDewe45swAhN34oVIaNzPHxNiWooHQ7QIL9GERHgbKMPHea8fCHaJU&#13;&#10;O6JCgVpHZBW9WDLBRVasBRZmYNLn2zDVqOygpB5ATSZqWmUi86jWslDYqPJOWisB&#13;&#10;V6rFyF2AwkJAoNqOg4sgMldrqoaK6sSpGuiKwctCTEx+HkcnhpHlgv7BkSauyCxU&#13;&#10;hhnksRwZ+1rm6m7sRGUhJIXCgMSCUDgAnfKY8DrJEzwFl42S2BbSbDHvN47DZbG3&#13;&#10;vScolwmIOwe0RPq77TdOvGYgkbqDXn1fphZ4mcQwtZiLM6bnoik0fXtQ47Kk1rjN&#13;&#10;Hhfg4LAltj52XqOXvt4FMphekwfN08WaPa2XzhK8GCp+Mhk0W3NbXLtMM3/2eMPo&#13;&#10;dQW0dF/9H18S8z5jFvrQinEi9uPtF3lWd4xUEe3fAAAAAElFTkSuQmCC" xlink:actuate="onLoad"/>
<text x="868" y="100" clip-path="url(#clipPath13)" fill="black" stroke="none" xml:space="preserve">Invoice Settled</text>
<image stroke="black" width="100" xlink:show="embed" xlink:type="simple" fill="black" clip-path="url(#clipPath14)" preserveAspectRatio="none" height="50" x="797" y="153" xlink:href="data:image/png;base64,iVBORw0KGgoAAAANSUhEUgAAAGQAAAAyCAYAAACqNX6+AAACuUlEQVR42u2cPVLD&#13;&#10;MBCFZZ2HDuj5aaCkYybDEeiAjgKo0sFwBApShRkOwAHoYLjPQhgbLHu1Wtmy8uO3&#13;&#10;BZMoz46jZ+0nVmMVRhFb509kEL3i6/Gs0OgKGLFa5hQhEz7uJ87n9Pfn/wUxtlFT&#13;&#10;477trGm3Lz4hThLUkOcFaTS1No1mEXs386A5hc+Mz4dJ4OKI/eFuG3mM7K7hvu+3&#13;&#10;swUzvJrWqYk5jtFwxgY0Td3+7Zw1pWiaURnB/yiY0cuM2gGV5uDuxTHF+nLZxpth&#13;&#10;FGYYpqMjNV4zyni7PnEGhGMIl6bkDlOYmEDD3jCG+mlI6lZBQ3qN2IkkQL2ZrsCN&#13;&#10;YbghaQ7L1GVDowNmJOCGWvNjSH1mBW7k4YaU7WzYDHBjUG40NFa8bok+kobSaIgU&#13;&#10;pyHlVyU6TnXuYIrznFua9oIbubjhjmnr9wHciOWGieZGW2PHzA2TmBvUkRs81EfI&#13;&#10;DXVuH4gbnMaCG0vkhgh1daoCN2K5EaOx3GWMnRsxGg031GxxDQE3YtmSihvytBfc&#13;&#10;yMoNedoLbiyFG6paFrgxPDdIW8sCNzJxI6aWBW7k4kaglqW+w8CNQTTCLIvAjUzc&#13;&#10;UKQscCMHN8QVQ3BjedxgRwilugvBjTgNaWpZIhP0bAE3AtygmFoWuJGNG8olXHAj&#13;&#10;Bzd6L+F2X+YFN8Lp07uE24UbBG5EciNcywI38nIjfgkX3BieGxT+Tx3cyMUNCpdO&#13;&#10;wI383AhWe8GNfNxottn6A4fgRl5ukFTL2r54TscN09GMMXIjVS1LZAKBGypulG+P&#13;&#10;pq+uIezOAuBGNm5UsfDBGSE7l7P14kYkW1aRG8El3EG5ocn3Mdyg9efGcZmuWhsH&#13;&#10;VA27VzNFTbIjN7RPPo6AG3V2sFtrVFF/Kvd9erpZU1waSCNek7sRTR3gHL/ZbYKw&#13;&#10;LVOe4CZT2C9rRYyo4hu/7HJbvWa0MAAAAABJRU5ErkJggg==" xlink:actuate="onLoad"/>
<image stroke="black" width="100" xlink:show="embed" xlink:type="simple" fill="black" clip-path="url(#clipPath14)" preserveAspectRatio="none" height="50" x="797" y="153" xlink:href="data:image/png;base64,iVBORw0KGgoAAAANSUhEUgAAAGQAAAAyCAYAAACqNX6+AAACuUlEQVR42u2cPVLD&#13;&#10;MBCFZZ2HDuj5aaCkYybDEeiAjgKo0sFwBApShRkOwAHoYLjPQhgbLHu1Wtmy8uO3&#13;&#10;BZMoz46jZ+0nVmMVRhFb509kEL3i6/Gs0OgKGLFa5hQhEz7uJ87n9Pfn/wUxtlFT&#13;&#10;477trGm3Lz4hThLUkOcFaTS1No1mEXs386A5hc+Mz4dJ4OKI/eFuG3mM7K7hvu+3&#13;&#10;swUzvJrWqYk5jtFwxgY0Td3+7Zw1pWiaURnB/yiY0cuM2gGV5uDuxTHF+nLZxpth&#13;&#10;FGYYpqMjNV4zyni7PnEGhGMIl6bkDlOYmEDD3jCG+mlI6lZBQ3qN2IkkQL2ZrsCN&#13;&#10;YbghaQ7L1GVDowNmJOCGWvNjSH1mBW7k4YaU7WzYDHBjUG40NFa8bok+kobSaIgU&#13;&#10;pyHlVyU6TnXuYIrznFua9oIbubjhjmnr9wHciOWGieZGW2PHzA2TmBvUkRs81EfI&#13;&#10;DXVuH4gbnMaCG0vkhgh1daoCN2K5EaOx3GWMnRsxGg031GxxDQE3YtmSihvytBfc&#13;&#10;yMoNedoLbiyFG6paFrgxPDdIW8sCNzJxI6aWBW7k4kaglqW+w8CNQTTCLIvAjUzc&#13;&#10;UKQscCMHN8QVQ3BjedxgRwilugvBjTgNaWpZIhP0bAE3AtygmFoWuJGNG8olXHAj&#13;&#10;Bzd6L+F2X+YFN8Lp07uE24UbBG5EciNcywI38nIjfgkX3BieGxT+Tx3cyMUNCpdO&#13;&#10;wI383AhWe8GNfNxottn6A4fgRl5ukFTL2r54TscN09GMMXIjVS1LZAKBGypulG+P&#13;&#10;pq+uIezOAuBGNm5UsfDBGSE7l7P14kYkW1aRG8El3EG5ocn3Mdyg9efGcZmuWhsH&#13;&#10;VA27VzNFTbIjN7RPPo6AG3V2sFtrVFF/Kvd9erpZU1waSCNek7sRTR3gHL/ZbYKw&#13;&#10;LVOe4CZT2C9rRYyo4hu/7HJbvWa0MAAAAABJRU5ErkJggg==" xlink:actuate="onLoad"/>
<text x="833" y="176" clip-path="url(#clipPath15)" fill="black" stroke="none" xml:space="preserve">Send</text>
<text x="821" y="191" clip-path="url(#clipPath15)" fill="black" stroke="none" xml:space="preserve">Reminder</text>
<image stroke="black" width="30" xlink:show="embed" xlink:type="simple" fill="black" clip-path="url(#clipPath16)" preserveAspectRatio="none" height="30" x="654" y="173" xlink:href="data:image/png;base64,iVBORw0KGgoAAAANSUhEUgAAAB4AAAAeCAYAAAA7MK6iAAABFUlEQVR42sVW2w3D&#13;&#10;MAgMKON0pY7QaTpCV+o+rfphyUUHHDhp/RNFBh/Pg2370xFW8HJ7vBi55/0qhwAj&#13;&#10;QPS4lcsMEBaU9WTWi3SkAsiEe8hnRgsDyoQx0qOi9RGeH7H/Wf6H/Ljz9CXKDbLY&#13;&#10;epalZZaBnmeeRp5799bzVBGBstWPwF3DIyCmkj2wyGvtMtQsH7WcV9FaebTLakhH&#13;&#10;kUKFpZCsrXZk5N6dLihvFYP3bpgrIKUco3AdefSMR7NofQGv9DHTjsOQ8dUjtokl&#13;&#10;nYynV1jMTiyaNtG4Y+6iIeGOxWiUsbQ4igy9JdG+VNogilSqTEtkszhb9KidK9tG&#13;&#10;2MrOotVab6NQstwtK6Sw0svSocMzhsbPzhuXIWS5cjJoKQAAAABJRU5ErkJggg==" xlink:actuate="onLoad"/>
<text x="649" y="221" clip-path="url(#clipPath17)" fill="black" stroke="none" xml:space="preserve">14 days</text>
<image stroke="black" width="43" xlink:show="embed" xlink:type="simple" fill="black" clip-path="url(#clipPath18)" preserveAspectRatio="none" height="43" x="519" y="94" xlink:href="data:image/png;base64,iVBORw0KGgoAAAANSUhEUgAAACsAAAArCAYAAADhXXHAAAAD0klEQVR42s2ZW0/U&#13;&#10;QBTHz3Y/gl9BFo0B5M34YDQquIF42WUBlWCMkihqvBDf9dknY0Ji0EXUiCy73Iwa&#13;&#10;WB4Ur28C+gCLX8Gv0HF6mbZza6ftbMJs2u622/bXM2f+55wpQBPa+NscasZ1M80E&#13;&#10;HR1sZHYtrMiiOoGzukGvnPsEnfuH4dfWlL2/p2/Pg/fVfw93DawP+hkQ/gBCcHDf&#13;&#10;MKxvvdQKnNUHuobXyF3A3na2DsH69mttwBktoIU125oITLw1Xeuazm+8IPx9aqk3&#13;&#10;tQ8baUGvFr64xkSBxQW21sjZDp9eSi1r2XSgX10o0/NVsqXhnX0drQOw0ZhJ7BLZ&#13;&#10;5KDfPAgKFBBnVeRa3vp05Eqw2agkAs6mAUUgtiCAZHGPtbf0weZONTZwNjZo8bsP&#13;&#10;KrUqBKzK+LC7bcsV4fdOLRZwJg7oSPGHPbKdEU4gTEoJJhe7vfMu4UGFEP8fRyWQ&#13;&#10;fezNhyFllTDUQX/61gpayYPwrUoa+T/vGuDtu5CfUlYJQxVU5pds99JN9GD8eefz&#13;&#10;ZSVgQxVUZlXecjSsKwXUwzquRF9z8NSzSGAjGhRoK0ZKFW1XZ21GarC1Heh+Ggps&#13;&#10;qIDKfU9kXcppFTQYUQ/W3z3ucbDQRjgoY50I3xO6QUwNtpZS1xNhjmyEgdKWk98c&#13;&#10;SXxWblVgfNbkxkHp5GMOOCMHBV9TAzpZnj+mrbJwBpXpajGbqTk6Xq3f891APvpk&#13;&#10;fqmzsb3C9CI+VjzxyIcNRo6J2iHuIqzPakaNGAcm1FbvexEuI3LkERz/ua4hv91u&#13;&#10;8/Uy8Bt/f/Wu4MFc7JnmwqvwfO4+jhvUVseoUGyIqtCJ2mGJ2MsCgcxNoqXKB6Wt&#13;&#10;y4Jy0hU8oBImRe7C6qxYqkzqodlrVutjwuTGkNX5z+eOcDcJTfs8NxH4JELykM0M&#13;&#10;YjL6RVmYMNx6wPNHA1HIjIheIE5kGOuGhexq/W5ouihNZMgJ5YXjkaUKLehi+QsP&#13;&#10;2YBB70TmtaEpIjlxcqFLKUzK8lmhvwesOlu/rZSARybf5AIvFvPhvodCcoMQq86u&#13;&#10;qIHGmuQgOqxSqlBlj1RLLdBbsSY+lAtGq6iziruN7Wm7/g8rVWQaHOz+uKCxS3EP&#13;&#10;uDGD6//+BBpMuj4+aKJJDgJsTVS050oR6SJfVFZWbiae80o0feQDz9r1vwcjqLOC&#13;&#10;A6+yciPV5FziKU8CbE1UtLUUIuN/ZXk09SxiqvlZH3gOA5+VarAOUC2TyT7wAgY+&#13;&#10;ww2qmeXr2t4tGKCxTX+8HLCqiUGvaX0JouWdArGu9f3P3yU4sLdXO2jTXy3pfg+m&#13;&#10;vYkmJ3S1/zm27QKawzc9AAAAAElFTkSuQmCC" xlink:actuate="onLoad"/>
<line clip-path="url(#clipPath3)" fill="none" x1="30" x2="1050" y1="10" y2="10"/>
<image x="190" y="102" clip-path="url(#clipPath19)" width="16" xlink:href="data:image/png;base64,iVBORw0KGgoAAAANSUhEUgAAABAAAAAQCAYAAAAf8/9hAAAAxUlEQVR42mNkwAJ0&#13;&#10;chf/h7GvTI5lZMADmJA1YdOILo7TAJgmbIpxiYMAM4whZh7U8OrU+kYYBomBaJA4&#13;&#10;CMP46Aaw4PM/LjnkcGEi5EcQuDwpBoWNrJ4FV0gja8LGRzEAm9NgQDdvCVaDYHoY&#13;&#10;cfkbpBCkGdlmmGEwOZRoRLYdl3OxiTNhi2d0Z+MSB+lDcQExYYAeG4y44hrmXFwG&#13;&#10;wAAjocyE7m9kA1G8gO43ZO+ANGHzP0pewAZAeWD69ktwDWvfqTSgxxgA7JeGMTV5&#13;&#10;LG0AAAAASUVORK5CYII=" xlink:type="simple" xlink:actuate="onLoad" height="16" preserveAspectRatio="none" xlink:show="embed"/>
<image x="190" y="102" clip-path="url(#clipPath19)" width="16" xlink:href="data:image/png;base64,iVBORw0KGgoAAAANSUhEUgAAABAAAAAQCAYAAAAf8/9hAAAAxUlEQVR42mNkwAJ0&#13;&#10;chf/h7GvTI5lZMADmJA1YdOILo7TAJgmbIpxiYMAM4whZh7U8OrU+kYYBomBaJA4&#13;&#10;CMP46Aaw4PM/LjnkcGEi5EcQuDwpBoWNrJ4FV0gja8LGRzEAm9NgQDdvCVaDYHoY&#13;&#10;cfkbpBCkGdlmmGEwOZRoRLYdl3OxiTNhi2d0Z+MSB+lDcQExYYAeG4y44hrmXFwG&#13;&#10;wAAjocyE7m9kA1G8gO43ZO+ANGHzP0pewAZAeWD69ktwDWvfqTSgxxgA7JeGMTV5&#13;&#10;LG0AAAAASUVORK5CYII=" xlink:type="simple" xlink:actuate="onLoad" height="16" preserveAspectRatio="none" xlink:show="embed"/>
<image x="190" y="102" clip-path="url(#clipPath19)" width="16" xlink:href="data:image/png;base64,iVBORw0KGgoAAAANSUhEUgAAABAAAAAQCAYAAAAf8/9hAAAAxUlEQVR42mNkwAJ0&#13;&#10;chf/h7GvTI5lZMADmJA1YdOILo7TAJgmbIpxiYMAM4whZh7U8OrU+kYYBomBaJA4&#13;&#10;CMP46Aaw4PM/LjnkcGEi5EcQuDwpBoWNrJ4FV0gja8LGRzEAm9NgQDdvCVaDYHoY&#13;&#10;cfkbpBCkGdlmmGEwOZRoRLYdl3OxiTNhi2d0Z+MSB+lDcQExYYAeG4y44hrmXFwG&#13;&#10;wAAjocyE7m9kA1G8gO43ZO+ANGHzP0pewAZAeWD69ktwDWvfqTSgxxgA7JeGMTV5&#13;&#10;LG0AAAAASUVORK5CYII=" xlink:type="simple" xlink:actuate="onLoad" height="16" preserveAspectRatio="none" xlink:show="embed"/>
<image x="349" y="102" clip-path="url(#clipPath20)" width="16" xlink:href="data:image/png;base64,iVBORw0KGgoAAAANSUhEUgAAABAAAAAQCAYAAAAf8/9hAAAAxUlEQVR42mNkwAJ0&#13;&#10;chf/h7GvTI5lZMADmJA1YdOILo7TAJgmbIpxiYMAM4whZh7U8OrU+kYYBomBaJA4&#13;&#10;CMP46Aaw4PM/LjnkcGEi5EcQuDwpBoWNrJ4FV0gja8LGRzEAm9NgQDdvCVaDYHoY&#13;&#10;cfkbpBCkGdlmmGEwOZRoRLYdl3OxiTNhi2d0Z+MSB+lDcQExYYAeG4y44hrmXFwG&#13;&#10;wAAjocyE7m9kA1G8gO43ZO+ANGHzP0pewAZAeWD69ktwDWvfqTSgxxgA7JeGMTV5&#13;&#10;LG0AAAAASUVORK5CYII=" xlink:type="simple" xlink:actuate="onLoad" height="16" preserveAspectRatio="none" xlink:show="embed"/>
<image x="349" y="102" clip-path="url(#clipPath20)" width="16" xlink:href="data:image/png;base64,iVBORw0KGgoAAAANSUhEUgAAABAAAAAQCAYAAAAf8/9hAAAAxUlEQVR42mNkwAJ0&#13;&#10;chf/h7GvTI5lZMADmJA1YdOILo7TAJgmbIpxiYMAM4whZh7U8OrU+kYYBomBaJA4&#13;&#10;CMP46Aaw4PM/LjnkcGEi5EcQuDwpBoWNrJ4FV0gja8LGRzEAm9NgQDdvCVaDYHoY&#13;&#10;cfkbpBCkGdlmmGEwOZRoRLYdl3OxiTNhi2d0Z+MSB+lDcQExYYAeG4y44hrmXFwG&#13;&#10;wAAjocyE7m9kA1G8gO43ZO+ANGHzP0pewAZAeWD69ktwDWvfqTSgxxgA7JeGMTV5&#13;&#10;LG0AAAAASUVORK5CYII=" xlink:type="simple" xlink:actuate="onLoad" height="16" preserveAspectRatio="none" xlink:show="embed"/>
<image x="349" y="102" clip-path="url(#clipPath20)" width="16" xlink:href="data:image/png;base64,iVBORw0KGgoAAAANSUhEUgAAABAAAAAQCAYAAAAf8/9hAAAAxUlEQVR42mNkwAJ0&#13;&#10;chf/h7GvTI5lZMADmJA1YdOILo7TAJgmbIpxiYMAM4whZh7U8OrU+kYYBomBaJA4&#13;&#10;CMP46Aaw4PM/LjnkcGEi5EcQuDwpBoWNrJ4FV0gja8LGRzEAm9NgQDdvCVaDYHoY&#13;&#10;cfkbpBCkGdlmmGEwOZRoRLYdl3OxiTNhi2d0Z+MSB+lDcQExYYAeG4y44hrmXFwG&#13;&#10;wAAjocyE7m9kA1G8gO43ZO+ANGHzP0pewAZAeWD69ktwDWvfqTSgxxgA7JeGMTV5&#13;&#10;LG0AAAAASUVORK5CYII=" xlink:type="simple" xlink:actuate="onLoad" height="16" preserveAspectRatio="none" xlink:show="embed"/>
<image x="688" y="47" clip-path="url(#clipPath21)" width="16" xlink:href="data:image/png;base64,iVBORw0KGgoAAAANSUhEUgAAABAAAAAQCAYAAAAf8/9hAAAAV0lEQVR42mNgGPKA&#13;&#10;USd38X9KDGABEVcmx8INArEJaUK2lAnGgGkk5CIMi9A1gPjYDMEmDuIzoSvE5hJ8&#13;&#10;3mPC5kxkQwiGDbF+xiXHRCjECcUK04AnpGEAAOKZOl8CVNgPAAAAAElFTkSuQmCC" xlink:type="simple" xlink:actuate="onLoad" height="16" preserveAspectRatio="none" xlink:show="embed"/>
<image x="688" y="47" clip-path="url(#clipPath21)" width="16" xlink:href="data:image/png;base64,iVBORw0KGgoAAAANSUhEUgAAABAAAAAQCAYAAAAf8/9hAAAAV0lEQVR42mNgGPKA&#13;&#10;USd38X9KDGABEVcmx8INArEJaUK2lAnGgGkk5CIMi9A1gPjYDMEmDuIzoSvE5hJ8&#13;&#10;3mPC5kxkQwiGDbF+xiXHRCjECcUK04AnpGEAAOKZOl8CVNgPAAAAAElFTkSuQmCC" xlink:type="simple" xlink:actuate="onLoad" height="16" preserveAspectRatio="none" xlink:show="embed"/>
<image x="688" y="47" clip-path="url(#clipPath21)" width="16" xlink:href="data:image/png;base64,iVBORw0KGgoAAAANSUhEUgAAABAAAAAQCAYAAAAf8/9hAAAAV0lEQVR42mNgGPKA&#13;&#10;USd38X9KDGABEVcmx8INArEJaUK2lAnGgGkk5CIMi9A1gPjYDMEmDuIzoSvE5hJ8&#13;&#10;3mPC5kxkQwiGDbF+xiXHRCjECcUK04AnpGEAAOKZOl8CVNgPAAAAAElFTkSuQmCC" xlink:type="simple" xlink:actuate="onLoad" height="16" preserveAspectRatio="none" xlink:show="embed"/>
<image x="802" y="158" clip-path="url(#clipPath22)" width="16" xlink:href="data:image/png;base64,iVBORw0KGgoAAAANSUhEUgAAABAAAAAQCAYAAAAf8/9hAAAAxUlEQVR42mNkwAJ0&#13;&#10;chf/h7GvTI5lZMADmJA1YdOILo7TAJgmbIpxiYMAM4whZh7U8OrU+kYYBomBaJA4&#13;&#10;CMP46Aaw4PM/LjnkcGEi5EcQuDwpBoWNrJ4FV0gja8LGRzEAm9NgQDdvCVaDYHoY&#13;&#10;cfkbpBCkGdlmmGEwOZRoRLYdl3OxiTNhi2d0Z+MSB+lDcQExYYAeG4y44hrmXFwG&#13;&#10;wAAjocyE7m9kA1G8gO43ZO+ANGHzP0pewAZAeWD69ktwDWvfqTSgxxgA7JeGMTV5&#13;&#10;LG0AAAAASUVORK5CYII=" xlink:type="simple" xlink:actuate="onLoad" height="16" preserveAspectRatio="none" xlink:show="embed"/>
<image x="802" y="158" clip-path="url(#clipPath22)" width="16" xlink:href="data:image/png;base64,iVBORw0KGgoAAAANSUhEUgAAABAAAAAQCAYAAAAf8/9hAAAAxUlEQVR42mNkwAJ0&#13;&#10;chf/h7GvTI5lZMADmJA1YdOILo7TAJgmbIpxiYMAM4whZh7U8OrU+kYYBomBaJA4&#13;&#10;CMP46Aaw4PM/LjnkcGEi5EcQuDwpBoWNrJ4FV0gja8LGRzEAm9NgQDdvCVaDYHoY&#13;&#10;cfkbpBCkGdlmmGEwOZRoRLYdl3OxiTNhi2d0Z+MSB+lDcQExYYAeG4y44hrmXFwG&#13;&#10;wAAjocyE7m9kA1G8gO43ZO+ANGHzP0pewAZAeWD69ktwDWvfqTSgxxgA7JeGMTV5&#13;&#10;LG0AAAAASUVORK5CYII=" xlink:type="simple" xlink:actuate="onLoad" height="16" preserveAspectRatio="none" xlink:show="embed"/>
<image x="802" y="158" clip-path="url(#clipPath22)" width="16" xlink:href="data:image/png;base64,iVBORw0KGgoAAAANSUhEUgAAABAAAAAQCAYAAAAf8/9hAAAAxUlEQVR42mNkwAJ0&#13;&#10;chf/h7GvTI5lZMADmJA1YdOILo7TAJgmbIpxiYMAM4whZh7U8OrU+kYYBomBaJA4&#13;&#10;CMP46Aaw4PM/LjnkcGEi5EcQuDwpBoWNrJ4FV0gja8LGRzEAm9NgQDdvCVaDYHoY&#13;&#10;cfkbpBCkGdlmmGEwOZRoRLYdl3OxiTNhi2d0Z+MSB+lDcQExYYAeG4y44hrmXFwG&#13;&#10;wAAjocyE7m9kA1G8gO43ZO+ANGHzP0pewAZAeWD69ktwDWvfqTSgxxgA7JeGMTV5&#13;&#10;LG0AAAAASUVORK5CYII=" xlink:type="simple" xlink:actuate="onLoad" height="16" preserveAspectRatio="none" xlink:show="embed"/>
<line clip-path="url(#clipPath23)" fill="none" x1="683" x2="797" y1="184" y2="184"/>
<polygon fill="black" clip-path="url(#clipPath24)" points=" 797 184 790 187 790 181 797 184" stroke="none"/>
<polygon fill="none" clip-path="url(#clipPath24)" points=" 797 184 790 187 790 181 797 184"/>
<line clip-path="url(#clipPath23)" fill="none" x1="555" x2="597" y1="109" y2="109"/>
<path fill="none" d="M596.5 109 A9.5 10 0 0 0 606 99" clip-path="url(#clipPath23)"/>
<line clip-path="url(#clipPath23)" fill="none" x1="607" x2="607" y1="99" y2="84"/>
<path fill="none" d="M616.5 74 A9.5 10 0 0 0 607 84" clip-path="url(#clipPath23)"/>
<line clip-path="url(#clipPath23)" fill="none" x1="617" x2="683" y1="74" y2="74"/>
<polygon fill="black" clip-path="url(#clipPath25)" points=" 683 74 676 77 676 71 683 74" stroke="none"/>
<polygon fill="none" clip-path="url(#clipPath25)" points=" 683 74 676 77 676 71 683 74"/>
<line clip-path="url(#clipPath23)" fill="none" x1="96" x2="182" y1="137" y2="137"/>
<polygon fill="black" clip-path="url(#clipPath26)" points=" 182 137 175 140 175 134 182 137" stroke="none"/>
<polygon fill="none" clip-path="url(#clipPath26)" points=" 182 137 175 140 175 134 182 137"/>
<line clip-path="url(#clipPath23)" fill="none" x1="302" x2="341" y1="127" y2="127"/>
<polygon fill="black" clip-path="url(#clipPath27)" points=" 341 127 334 130 334 124 341 127" stroke="none"/>
<polygon fill="none" clip-path="url(#clipPath27)" points=" 341 127 334 130 334 124 341 127"/>
<line clip-path="url(#clipPath23)" fill="none" x1="461" x2="519" y1="115" y2="115"/>
<polygon fill="black" clip-path="url(#clipPath28)" points=" 519 115 512 118 512 112 519 115" stroke="none"/>
<polygon fill="none" clip-path="url(#clipPath28)" points=" 519 115 512 118 512 112 519 115"/>
<line clip-path="url(#clipPath23)" fill="none" x1="847" x2="847" y1="203" y2="232"/>
<path fill="none" d="M836.5 242 A9.5 10 0 0 0 846 232" clip-path="url(#clipPath23)"/>
<line clip-path="url(#clipPath23)" fill="none" x1="837" x2="548" y1="242" y2="242"/>
<path fill="none" d="M538 232 A9.5 10 0 0 0 547.5 242" clip-path="url(#clipPath23)"/>
<line clip-path="url(#clipPath23)" fill="none" x1="538" x2="538" y1="232" y2="134"/>
<polygon fill="black" clip-path="url(#clipPath29)" points=" 538 134 541 141 535 141 538 134" stroke="none"/>
<polygon fill="none" clip-path="url(#clipPath29)" points=" 538 134 541 141 535 141 538 134"/>
<line clip-path="url(#clipPath23)" fill="none" x1="783" x2="893" y1="73" y2="73"/>
<polygon fill="black" clip-path="url(#clipPath30)" points=" 893 73 886 76 886 70 893 73" stroke="none"/>
<polygon fill="none" clip-path="url(#clipPath30)" points=" 893 73 886 76 886 70 893 73"/>
<line clip-path="url(#clipPath23)" fill="none" x1="551" x2="603" y1="126" y2="126"/>
<path fill="none" d="M612 136 A9.5 10 0 0 0 602.5 126" clip-path="url(#clipPath23)"/>
<line clip-path="url(#clipPath23)" fill="none" x1="613" x2="613" y1="136" y2="174"/>
<path fill="none" d="M613 174 A9.5 10 0 0 0 622.5 184" clip-path="url(#clipPath23)"/>
<line clip-path="url(#clipPath23)" fill="none" x1="623" x2="654" y1="184" y2="184"/>
<polygon fill="black" clip-path="url(#clipPath31)" points=" 654 184 647 187 647 181 654 184" stroke="none"/>
<polygon fill="none" clip-path="url(#clipPath31)" points=" 654 184 647 187 647 181 654 184"/>
<line clip-path="url(#clipPath23)" fill="none" x1="96" x2="182" y1="137" y2="137"/>
<polygon fill="black" clip-path="url(#clipPath26)" points=" 182 137 175 140 175 134 182 137" stroke="none"/>
<polygon fill="none" clip-path="url(#clipPath26)" points=" 182 137 175 140 175 134 182 137"/>
<line clip-path="url(#clipPath23)" fill="none" x1="302" x2="341" y1="127" y2="127"/>
<polygon fill="black" clip-path="url(#clipPath27)" points=" 341 127 334 130 334 124 341 127" stroke="none"/>
<polygon fill="none" clip-path="url(#clipPath27)" points=" 341 127 334 130 334 124 341 127"/>
<line clip-path="url(#clipPath23)" fill="none" x1="783" x2="893" y1="73" y2="73"/>
<polygon fill="black" clip-path="url(#clipPath30)" points=" 893 73 886 76 886 70 893 73" stroke="none"/>
<polygon fill="none" clip-path="url(#clipPath30)" points=" 893 73 886 76 886 70 893 73"/>
<line clip-path="url(#clipPath23)" fill="none" x1="555" x2="597" y1="109" y2="109"/>
<path fill="none" d="M596.5 109 A9.5 10 0 0 0 606 99" clip-path="url(#clipPath23)"/>
<line clip-path="url(#clipPath23)" fill="none" x1="607" x2="607" y1="99" y2="84"/>
<path fill="none" d="M616.5 74 A9.5 10 0 0 0 607 84" clip-path="url(#clipPath23)"/>
<line clip-path="url(#clipPath23)" fill="none" x1="617" x2="683" y1="74" y2="74"/>
<polygon fill="black" clip-path="url(#clipPath25)" points=" 683 74 676 77 676 71 683 74" stroke="none"/>
<polygon fill="none" clip-path="url(#clipPath25)" points=" 683 74 676 77 676 71 683 74"/>
<line clip-path="url(#clipPath23)" fill="none" x1="461" x2="519" y1="115" y2="115"/>
<polygon fill="black" clip-path="url(#clipPath28)" points=" 519 115 512 118 512 112 519 115" stroke="none"/>
<polygon fill="none" clip-path="url(#clipPath28)" points=" 519 115 512 118 512 112 519 115"/>
<line clip-path="url(#clipPath23)" fill="none" x1="551" x2="603" y1="126" y2="126"/>
<path fill="none" d="M612 136 A9.5 10 0 0 0 602.5 126" clip-path="url(#clipPath23)"/>
<line clip-path="url(#clipPath23)" fill="none" x1="613" x2="613" y1="136" y2="174"/>
<path fill="none" d="M613 174 A9.5 10 0 0 0 622.5 184" clip-path="url(#clipPath23)"/>
<line clip-path="url(#clipPath23)" fill="none" x1="623" x2="654" y1="184" y2="184"/>
<polygon fill="black" clip-path="url(#clipPath31)" points=" 654 184 647 187 647 181 654 184" stroke="none"/>
<polygon fill="none" clip-path="url(#clipPath31)" points=" 654 184 647 187 647 181 654 184"/>
<line clip-path="url(#clipPath23)" fill="none" x1="683" x2="797" y1="184" y2="184"/>
<polygon fill="black" clip-path="url(#clipPath24)" points=" 797 184 790 187 790 181 797 184" stroke="none"/>
<polygon fill="none" clip-path="url(#clipPath24)" points=" 797 184 790 187 790 181 797 184"/>
<line clip-path="url(#clipPath23)" fill="none" x1="847" x2="847" y1="203" y2="232"/>
<path fill="none" d="M836.5 242 A9.5 10 0 0 0 846 232" clip-path="url(#clipPath23)"/>
<line clip-path="url(#clipPath23)" fill="none" x1="837" x2="548" y1="242" y2="242"/>
<path fill="none" d="M538 232 A9.5 10 0 0 0 547.5 242" clip-path="url(#clipPath23)"/>
<line clip-path="url(#clipPath23)" fill="none" x1="538" x2="538" y1="232" y2="134"/>
<polygon fill="black" clip-path="url(#clipPath29)" points=" 538 134 541 141 535 141 538 134" stroke="none"/>
<polygon fill="none" clip-path="url(#clipPath29)" points=" 538 134 541 141 535 141 538 134"/>
</g>
</g>
</svg>
