<?xml version="1.0"?>
<processExtensions>
<items>
<item id="_MxVLUP6lEeSHnZdgWD4apw"><actor/><condition/><isDefault>Yes</isDefault><action.actionType>None</action.actionType><action.actionScript/><action.actionParameters/></item><item id="_M0FkYP6lEeSHnZdgWD4apw"><actor/><condition/><isDefault>Yes</isDefault><action.actionType>None</action.actionType><action.actionScript/><action.actionParameters/></item><item id="_Nr4vEP6lEeSHnZdgWD4apw"><actor></actor><condition></condition><isDefault></isDefault><action.actionType>None</action.actionType><action.actionScript></action.actionScript><action.actionParameters></action.actionParameters></item></items>
</processExtensions>
