<?xml version="1.0"?>
<processExtensions>
<items>
<item id="Task_0zyuoo8"/><item id="Task_1kwra7c"/><item id="Task_1douonv"/><item id="Task_1q3wdik"/><item id="Task_1gnpggg"/><item id="Task_0k6cxeh"/><item id="Task_0343ocy"/><item id="StartEvent_1"/><item id="EndEvent_0ez1uiz"/><item id="IntermediateCatchEvent_0ok3f01"/><item id="ExclusiveGateway_02mt9fx"/><item id="SequenceFlow_0mn6bjj"/><item id="SequenceFlow_0a78ulp"/><item id="SequenceFlow_0uwvizh"/><item id="SequenceFlow_0k4wwbi"/><item id="SequenceFlow_03u5mjg"/><item id="SequenceFlow_1oqm12u"/><item id="SequenceFlow_1ymirr2"/><item id="SequenceFlow_12tajmq"/><item id="SequenceFlow_0cclb5s"/><item id="SequenceFlow_1g9vj79"/></items>
<dataElements>
<dataElement name="new Property" id="1437712080188" title="" description="" dataType="" validValues="" req=""/></dataElements>
<accessRules>
</accessRules>
<subprocesses>
<subprocess id="Process_1" name="Process_1" implementation=""/></subprocesses>
</processExtensions>
