<?xml version="1.0"?>
<processExtensions>
<items>
<item id="_6-695"><actor>clerk</actor><variable refId="1436064626324" field="" read="1" input=""/></item><item id="_6-463"><actor>pizza chef</actor></item><item id="_6-514"><actor>delivery boy</actor></item><item id="_6-565"><actor>delivery boy</actor></item><item id="_6-74"><actionType>Form</actionType><actionScript>df</actionScript><variable refId="1436064624020" field="" read="" input="1"/><variable refId="1436064626324" field="" read="" input="1"/><variable refId="1436064640817" field="" read="" input="1"/></item><item id="_6-127"><actor>Pizza Customer</actor></item><item id="_6-236"><actor>Pizza Customer</actor></item><item id="_6-304"/><item id="_6-355"><actor>Pizza Customer</actor></item><item id="_6-450"><actor>clerk</actor></item><item id="_6-61"/><item id="_6-616"><actor>delivery boy</actor></item><item id="_6-406"/><item id="_6-674"><actor>clerk</actor></item><item id="_6-202"/><item id="_6-219"><actor>Pizza Customer</actor><timerType>duration</timerType><timer>0 1 0 0</timer></item><item id="_6-652"><actor>clerk</actor></item><item id="_6-180"/><item id="_6-638"/><item id="_6-642"/><item id="_6-646"/><item id="_6-648"/><item id="_6-640"/><item id="_6-750"/><item id="_6-630"/><item id="_6-632"/><item id="_6-634"/><item id="_6-636"/><item id="_6-691"/><item id="_6-693"/><item id="_6-746"/><item id="_6-748"/><item id="_6-125"/><item id="_6-178"/><item id="_6-420"/><item id="_6-422"/><item id="_6-424"/><item id="_6-426"/><item id="_6-428"/><item id="_6-430"/><item id="_6-434"/><item id="_6-436"/></items>
<dataElements>
<dataElement name="Customer" id="1436064624020" title="" description="" dataType="String" validValues="" req=""/><dataElement name="Address" id="1436064626324" title="" description="" dataType="String" validValues="" req=""/><dataElement name="StoreId" id="1436064640817" title="" description="" dataType="Number" validValues="" req=""/></dataElements>
<accessRules>
<accessRule id="1436067790858" allowRestrict="" userGroup="U" privilege="V" nodeId="" condition=""/><accessRule id="1436067791392" allowRestrict="" userGroup="U" privilege="S" nodeId="" condition=""/><accessRule id="1436067790858" allowRestrict="" userGroup="U" privilege="V" nodeId="" condition=""/><accessRule id="1436067791392" allowRestrict="" userGroup="U" privilege="S" nodeId="" condition=""/><accessRule id="1436067790858" allowRestrict="" userGroup="U" privilege="V" nodeId="" condition=""/><accessRule id="1436067791392" allowRestrict="" userGroup="U" privilege="S" nodeId="" condition=""/><accessRule id="1436067790858" allowRestrict="" userGroup="U" privilege="V" nodeId="" condition=""/><accessRule id="1436067791392" allowRestrict="" userGroup="U" privilege="S" nodeId="" condition=""/><accessRule id="1436067790858" allowRestrict="" userGroup="U" privilege="V" nodeId="" condition=""/><accessRule id="1436067791392" allowRestrict="" userGroup="U" privilege="S" nodeId="" condition=""/><accessRule id="1436067790858" allowRestrict="" userGroup="U" privilege="V" nodeId="" condition=""/><accessRule id="1436067791392" allowRestrict="" userGroup="U" privilege="S" nodeId="" condition=""/><accessRule id="1436067790858" allowRestrict="" userGroup="U" privilege="V" nodeId="" condition=""/><accessRule id="1436067791392" allowRestrict="" userGroup="U" privilege="S" nodeId="" condition=""/><accessRule id="1436067790858" allowRestrict="" userGroup="U" privilege="V" nodeId="" condition=""/><accessRule id="1436067791392" allowRestrict="" userGroup="U" privilege="S" nodeId="" condition=""/><accessRule id="1436067790858" allowRestrict="" userGroup="U" privilege="V" nodeId="" condition=""/><accessRule id="1436067791392" allowRestrict="" userGroup="U" privilege="S" nodeId="" condition=""/><accessRule id="1436067790858" allowRestrict="" userGroup="U" privilege="V" nodeId="" condition=""/><accessRule id="1436067791392" allowRestrict="" userGroup="U" privilege="S" nodeId="" condition=""/><accessRule id="1436067790858" allowRestrict="" userGroup="U" privilege="V" nodeId="" condition=""/><accessRule id="1436067791392" allowRestrict="" userGroup="U" privilege="S" nodeId="" condition=""/><accessRule id="1436067790858" allowRestrict="" userGroup="U" privilege="V" nodeId="" condition=""/><accessRule id="1436067791392" allowRestrict="" userGroup="U" privilege="S" nodeId="" condition=""/><accessRule id="1436067790858" allowRestrict="" userGroup="U" privilege="V" nodeId="" condition=""/><accessRule id="1436067791392" allowRestrict="" userGroup="U" privilege="S" nodeId="" condition=""/><accessRule id="1436067790858" allowRestrict="" userGroup="U" privilege="V" nodeId="" condition=""/><accessRule id="1436067791392" allowRestrict="" userGroup="U" privilege="S" nodeId="" condition=""/><accessRule id="1436067790858" allowRestrict="" userGroup="U" privilege="V" nodeId="" condition=""/><accessRule id="1436067791392" allowRestrict="" userGroup="U" privilege="S" nodeId="" condition=""/></accessRules>
<subprocesses>
<subprocess id="_6-1" name="_6-1" implementation=""/><subprocess id="_6-2" name="_6-2" implementation=""/></subprocesses>
</processExtensions>
