<?xml version="1.0"?>
<processExtensions>
<items>
<item id="Task_1wqxjf7"><variable refId="1436419671029" field="" read="" input=""/><variable refId="1436419688112" field="" read="" input=""/><variable refId="1436419697212" field="" read="" input=""/><variable refId="1436419718158" field="" read="" input=""/><variable refId="1436419736654" field="" read="" input=""/></item><item id="Task_1y3t2i8"/><item id="UserTask_0apvys5"><variable refId="1436419671029" field="" read="" input=""/><variable refId="1436419688112" field="" read="" input=""/></item><item id="UserTask_0oaggtc"><variable refId="1436419671029" field="" read="" input=""/><variable refId="1436419688112" field="" read="" input=""/><variable refId="1436419697212" field="" read="" input=""/><variable refId="1436419718158" field="" read="" input=""/></item><item id="UserTask_1b2zubk"><variable refId="1436419671029" field="" read="" input=""/><variable refId="1436419688112" field="" read="" input=""/><variable refId="1436419697212" field="" read="" input=""/><variable refId="1436419718158" field="" read="" input=""/><variable refId="1436419736654" field="" read="" input=""/></item><item id="UserTask_0byw944"/><item id="UserTask_0jc7rh7"/><item id="UserTask_1hqk63o"/><item id="UserTask_13saq00"/><item id="ServiceTask_02cwdob"/><item id="SendTask_06dbwe2"/><item id="StartEvent_1"/><item id="StartEvent_0klppy7"/><item id="StartEvent_0hlxgvg"/><item id="StartEvent_0w09bn9"/><item id="EndEvent_15c76j5"/><item id="EndEvent_1x38b2g"/><item id="EndEvent_1bn19e4"/><item id="EndEvent_14ohj2s"/><item id="EndEvent_0rjbont"/><item id="IntermediateCatchEvent_0baqa45"><timerType>duration</timerType><timer>0 0 14 0 0</timer><timerRepeat>0</timerRepeat></item><item id="IntermediateCatchEvent_00iqzs0"/><item id="IntermediateCatchEvent_0w3y3wd"/><item id="IntermediateThrowEvent_12tnrrj"/><item id="ExclusiveGateway_11ivj9o"/><item id="ExclusiveGateway_0iyit4d"/><item id="EventBasedGateway_1xasj7n"/><item id="MessageFlow_1ll8b7j"/><item id="MessageFlow_1ask9dn"/><item id="MessageFlow_00wyw4y"/><item id="MessageFlow_0vkf7jn"/><item id="MessageFlow_0ghs4jf"/><item id="MessageFlow_10pv2kh"/><item id="SequenceFlow_1qdc89v"/><item id="SequenceFlow_1m2ilf6"/><item id="SequenceFlow_0jh1hwh"/><item id="SequenceFlow_0rk1b33"/><item id="SequenceFlow_199zp94"/><item id="SequenceFlow_184tat6"/><item id="SequenceFlow_006190y"/><item id="SequenceFlow_14dphdu"/><item id="SequenceFlow_0up757b"/><item id="SequenceFlow_129i4is"/><item id="SequenceFlow_008yvxv"/><item id="SequenceFlow_0yxe1ot"/><item id="SequenceFlow_0xrliv2"/><item id="SequenceFlow_1sng5lv"/><item id="SequenceFlow_0t5yen0"/><item id="SequenceFlow_18f30js"/><item id="SequenceFlow_1dpox0u"/><item id="SequenceFlow_12advt8"/><item id="SequenceFlow_1us76gi"/><item id="SequenceFlow_0hxh3t2"/><item id="SequenceFlow_0682egp"/><item id="SequenceFlow_1au0glj"/><item id="SequenceFlow_1gsu4bu"/><item id="SequenceFlow_05juog6"/><item id="SequenceFlow_0s4oqca"/></items>
<dataElements>
<dataElement name="PONo" id="1436419671029" title="" description="" dataType="Number" validValues="" req=""/><dataElement name="POAmount" id="1436419970468" title="" description="" dataType="Number" validValues="" req=""/><dataElement name="Services" id="1436419688112" title="" description="" dataType="Text" validValues="" req=""/><dataElement name="approved" id="1436419697212" title="" description="" dataType="Boolean" validValues="" req=""/><dataElement name="rejectionReason" id="1436419718158" title="" description="" dataType="String" validValues="" req=""/><dataElement name="rejectionReviewResult" id="1436419736654" title="" description="" dataType="Select" validValues="Cancel,ReCreate,Reconsider" req=""/><dataElement name="invoiceNo" id="1436419806100" title="" description="" dataType="String" validValues="" req=""/><dataElement name="invoiceAmount" id="1436419855092" title="" description="" dataType="Number" validValues="" req=""/><dataElement name="paymentAmount" id="1436419885120" title="" description="" dataType="Number" validValues="" req=""/></dataElements>
<accessRules>
</accessRules>
<subprocesses>
<subprocess id="Process_1" name="Process_1" implementation=""/><subprocess id="Process_1peev5f" name="Process_1peev5f" implementation=""/><subprocess id="Process_0i8r2wt" name="Process_0i8r2wt" implementation=""/><subprocess id="Process_1qxbb7k" name="Process_1qxbb7k" implementation=""/></subprocesses>
</processExtensions>
