<?xml version="1.0"?>
<processExtensions>
<items>
<item id="_bNIo6B-nEeWXSfHu2x-KiQ"><actor>WP User</actor><variable refId="1436327064601" field="" read="" input=""/><variable refId="1436327091524" field="" read="" input=""/></item><item id="_bNIpah-nEeWXSfHu2x-KiQ"><actor>OmniFlow</actor><variable refId="1436327064601" field="" read="" input=""/><variable refId="1436327136813" field="" read="" input=""/></item><item id="_bNIpFB-nEeWXSfHu2x-KiQ"><actor>WP User</actor></item><item id="_bNIpWx-nEeWXSfHu2x-KiQ"><actor>OmniFlow</actor><variable refId="1436327064601" field="" read="" input=""/><variable refId="1436327091524" field="" read="" input=""/></item><item id="_bNIo4x-nEeWXSfHu2x-KiQ"><actor>WP User</actor></item><item id="_bNIpVh-nEeWXSfHu2x-KiQ"><actor>OmniFlow</actor><variable refId="1436327064601" field="" read="" input=""/></item><item id="_bNIpHh-nEeWXSfHu2x-KiQ"><actor>WP User</actor></item><item id="_ruNZEB-oEeWXSfHu2x-KiQ"><actor>WP User</actor></item><item id="_bNIpBB-nEeWXSfHu2x-KiQ"><actor>WP User</actor></item><item id="_bNIpCh-nEeWXSfHu2x-KiQ"><actor>WP User</actor></item><item id="_bNIpDx-nEeWXSfHu2x-KiQ"><actor>WP User</actor></item><item id="_bNIo-R-nEeWXSfHu2x-KiQ"><actor>WP User</actor></item><item id="_bNIpdh-nEeWXSfHu2x-KiQ"><actor>OmniFlow</actor></item><item id="_bNIpgR-nEeWXSfHu2x-KiQ"><actor>OmniFlow</actor></item><item id="_bNIpjB-nEeWXSfHu2x-KiQ"><actor>OmniFlow</actor></item><item id="_bNIpZR-nEeWXSfHu2x-KiQ"><actor>OmniFlow</actor></item><item id="_bNIplx-nEeWXSfHu2x-KiQ"><actor>OmniFlow</actor></item><item id="_bNIo9B-nEeWXSfHu2x-KiQ"><actor>WP User</actor></item><item id="MessageFlow_1yrnsgy"/><item id="MessageFlow_0ro7aqw"/><item id="MessageFlow_1dd8qfw"/><item id="MessageFlow_1aim8z9"/><item id="_bNIpKR-nEeWXSfHu2x-KiQ"/><item id="_bNIpLB-nEeWXSfHu2x-KiQ"/><item id="_bNIpLx-nEeWXSfHu2x-KiQ"/><item id="_bNIpMh-nEeWXSfHu2x-KiQ"/><item id="_bNIpNR-nEeWXSfHu2x-KiQ"/><item id="_bNIpOB-nEeWXSfHu2x-KiQ"/><item id="_bNIpOx-nEeWXSfHu2x-KiQ"/><item id="_bNIpPh-nEeWXSfHu2x-KiQ"/><item id="_jDtjkB-nEeWXSfHu2x-KiQ"/><item id="_rulzkB-oEeWXSfHu2x-KiQ"/><item id="_bNIpqB-nEeWXSfHu2x-KiQ"/><item id="_bNIpqx-nEeWXSfHu2x-KiQ"/><item id="_bNIprh-nEeWXSfHu2x-KiQ"><condition>if ($requiresApproval!='Yes')
return false;
else 
  return true;</condition></item><item id="_bNIpsR-nEeWXSfHu2x-KiQ"><condition>if ($requiresApproval=='Yes')
return false;
else 
  return true;</condition></item><item id="_bNIptB-nEeWXSfHu2x-KiQ"/><item id="_bNIptx-nEeWXSfHu2x-KiQ"><condition>if ($approved!='Yes')
return false;
else 
  return true;</condition></item><item id="_bNIpuh-nEeWXSfHu2x-KiQ"><condition>if ($approved=='Yes')
return false;
else 
  return true;</condition></item></items>
<dataElements>
<dataElement name="postId" id="1436327064601" title="" description="" dataType="Number" validValues="" req="1"/><dataElement name="requiresApproval" id="1436327091524" title="" description="" dataType="Boolean" validValues="" req="1"/><dataElement name="approved" id="1436327136813" title="" description="" dataType="Select" validValues="Yes,No" req="1"/></dataElements>
<accessRules>
</accessRules>
<subprocesses>
<subprocess id="_bNIo4R-nEeWXSfHu2x-KiQ" name="WordPress" implementation="msgs"/><subprocess id="_bNIpVB-nEeWXSfHu2x-KiQ" name="OmniFlow" implementation="all"/></subprocesses>
</processExtensions>
